﻿<checklists><checklist id="30" display_in_new_window="False"><name>Question of the Day</name><description text_type="text/html" /><category sort_order="1"><name text_type="text/plain">Daily Responses</name><description text_type="text/html" /><item sort_order="1" in_schedule="true"><name text_type="text/plain">Day 1</name><description text_type="text/html">&lt;p&gt;&lt;a href="https://docs.google.com/forms/d/e/1FAIpQLSch_1qPdCyMyTIeCICzz-2ku4Z8bKX2nyNSyYAtDHVIkmRSIQ/viewform?entry.1497541594={FirstName}&amp;amp;entry.1982317325={LastName}&amp;amp;entry.1107671814={OrgUnitName}&amp;amp;entry.2109915093&amp;amp;entry.29943511&amp;amp;entry.1637658775" target="_blank"&gt;Submit response for Day 1&amp;nbsp;&lt;/a&gt;&lt;/p&gt;</description><date_end>2016-11-10T17:46:00</date_end></item></category></checklist></checklists>