﻿<grades><schemes><scheme identifier="381" name="BYUI-Standard" short_name="" is_valid="true"><range percent_start="0" assigned_value="0.000000000" symbol="F" color_id="1" /><range percent_start="60" assigned_value="60.000000000" symbol="D-" color_id="1" /><range percent_start="63" assigned_value="63.000000000" symbol="D" color_id="1" /><range percent_start="67" assigned_value="67.000000000" symbol="D+" color_id="1" /><range percent_start="70" assigned_value="70.000000000" symbol="C-" color_id="1" /><range percent_start="73" assigned_value="73.000000000" symbol="C" color_id="1" /><range percent_start="77" assigned_value="77.000000000" symbol="C+" color_id="1" /><range percent_start="80" assigned_value="80.000000000" symbol="B-" color_id="1" /><range percent_start="83" assigned_value="83.000000000" symbol="B" color_id="1" /><range percent_start="87" assigned_value="87.000000000" symbol="B+" color_id="1" /><range percent_start="90" assigned_value="90.000000000" symbol="A-" color_id="1" /><range percent_start="93" assigned_value="93.000000000" symbol="A" color_id="1" /></scheme><scheme identifier="397" name="BYUI-Standard" short_name="" is_valid="true"><range percent_start="0" assigned_value="0.000000000" symbol="F" color_id="1" /><range percent_start="60" assigned_value="60.000000000" symbol="D-" color_id="1" /><range percent_start="63" assigned_value="63.000000000" symbol="D" color_id="1" /><range percent_start="67" assigned_value="67.000000000" symbol="D+" color_id="1" /><range percent_start="70" assigned_value="70.000000000" symbol="C-" color_id="1" /><range percent_start="73" assigned_value="73.000000000" symbol="C" color_id="1" /><range percent_start="77" assigned_value="77.000000000" symbol="C+" color_id="1" /><range percent_start="80" assigned_value="80.000000000" symbol="B-" color_id="1" /><range percent_start="83" assigned_value="83.000000000" symbol="B" color_id="1" /><range percent_start="87" assigned_value="87.000000000" symbol="B+" color_id="1" /><range percent_start="90" assigned_value="90.000000000" symbol="A-" color_id="1" /><range percent_start="93" assigned_value="93.000000000" symbol="A" color_id="1" /></scheme><scheme identifier="4034" name="BYUI-Standard" short_name="" is_valid="true"><range percent_start="0" assigned_value="0.000000000" symbol="F" color_id="1" /><range percent_start="60" assigned_value="60.000000000" symbol="D-" color_id="1" /><range percent_start="63" assigned_value="63.000000000" symbol="D" color_id="1" /><range percent_start="67" assigned_value="67.000000000" symbol="D+" color_id="1" /><range percent_start="70" assigned_value="70.000000000" symbol="C-" color_id="1" /><range percent_start="73" assigned_value="73.000000000" symbol="C" color_id="1" /><range percent_start="77" assigned_value="77.000000000" symbol="C+" color_id="1" /><range percent_start="80" assigned_value="80.000000000" symbol="B-" color_id="1" /><range percent_start="83" assigned_value="83.000000000" symbol="B" color_id="1" /><range percent_start="87" assigned_value="87.000000000" symbol="B+" color_id="1" /><range percent_start="90" assigned_value="90.000000000" symbol="A-" color_id="1" /><range percent_start="93" assigned_value="93.000000000" symbol="A" color_id="1" /></scheme><scheme identifier="4035" name="BYUI-Standard" short_name="" is_valid="true"><range percent_start="0" assigned_value="0.000000000" symbol="F" color_id="1" /><range percent_start="60" assigned_value="60.000000000" symbol="D-" color_id="1" /><range percent_start="63" assigned_value="63.000000000" symbol="D" color_id="1" /><range percent_start="67" assigned_value="67.000000000" symbol="D+" color_id="1" /><range percent_start="70" assigned_value="70.000000000" symbol="C-" color_id="1" /><range percent_start="73" assigned_value="73.000000000" symbol="C" color_id="1" /><range percent_start="77" assigned_value="77.000000000" symbol="C+" color_id="1" /><range percent_start="80" assigned_value="80.000000000" symbol="B-" color_id="1" /><range percent_start="83" assigned_value="83.000000000" symbol="B" color_id="1" /><range percent_start="87" assigned_value="87.000000000" symbol="B+" color_id="1" /><range percent_start="90" assigned_value="90.000000000" symbol="A-" color_id="1" /><range percent_start="93" assigned_value="93.000000000" symbol="A" color_id="1" /></scheme></schemes><configuration><auto_update_final_grade>1</auto_update_final_grade><grading_system>0</grading_system><include_empty_grades_in_final>false</include_empty_grades_in_final><default_scheme>0</default_scheme><show_user_name>0</show_user_name><show_user_email>0</show_user_email></configuration><categories /><items><item id="31" identifier="178253" resource_code="byui_produ-147654,byui_produ-156218,byui_produ-37070"><name>Mid-Course Feedback</name><short_name>MCEval</short_name><sort_order>1</sort_order><show_average>false</show_average><show_distribution>false</show_distribution><description text_type="text/html" is_displayed="false" /><type_id>1</type_id><is_active>true</is_active><scoring><can_exceed_weight>false</can_exceed_weight><out_of>1</out_of><is_bonus>false</is_bonus><max_grade>10</max_grade><exclude_from_final_grade_calc>false</exclude_from_final_grade_calc><is_milestone_grade>false</is_milestone_grade></scoring></item><item id="32" identifier="178254" resource_code="byui_produ-139426,byui_produ-156219,byui_produ-175609,byui_produ-175925,byui_produ-176435,byui_produ-179062"><name>Module 02 - Discussion Board 01 (Group 01)</name><short_name>M02 DB01 G01</short_name><sort_order>2</sort_order><show_average>false</show_average><show_distribution>false</show_distribution><description text_type="text/html" is_displayed="false" /><type_id>1</type_id><is_active>true</is_active><scoring><can_exceed_weight>false</can_exceed_weight><out_of>10</out_of><is_bonus>false</is_bonus><max_grade>10</max_grade><exclude_from_final_grade_calc>false</exclude_from_final_grade_calc><is_milestone_grade>false</is_milestone_grade></scoring></item><item id="33" identifier="178255" resource_code="byui_produ-139427,byui_produ-156220,byui_produ-175610,byui_produ-175926,byui_produ-176436,byui_produ-179063"><name>Module 02 - Discussion Board 01 (Group 02)</name><short_name>M02 DB1 G02</short_name><sort_order>3</sort_order><show_average>false</show_average><show_distribution>false</show_distribution><description text_type="text/html" is_displayed="false" /><type_id>1</type_id><is_active>true</is_active><scoring><can_exceed_weight>false</can_exceed_weight><out_of>10</out_of><is_bonus>false</is_bonus><max_grade>10</max_grade><exclude_from_final_grade_calc>false</exclude_from_final_grade_calc><is_milestone_grade>false</is_milestone_grade></scoring></item><item id="34" identifier="178256" resource_code="byui_produ-139428,byui_produ-156221,byui_produ-175611,byui_produ-175927,byui_produ-176437,byui_produ-179064"><name>Module 02 - Discussion Board 01 (Group 03)</name><short_name>M02 DB1 G03</short_name><sort_order>4</sort_order><show_average>false</show_average><show_distribution>false</show_distribution><description text_type="text/html" is_displayed="false" /><type_id>1</type_id><is_active>true</is_active><scoring><can_exceed_weight>false</can_exceed_weight><out_of>10</out_of><is_bonus>false</is_bonus><max_grade>10</max_grade><exclude_from_final_grade_calc>false</exclude_from_final_grade_calc><is_milestone_grade>false</is_milestone_grade></scoring></item><item id="35" identifier="178257" resource_code="byui_produ-139429,byui_produ-156222,byui_produ-175612,byui_produ-175928,byui_produ-176438,byui_produ-179065"><name>Module 02 - Discussion Board 01 (Group 04)</name><short_name>M02 DB1 G04</short_name><sort_order>5</sort_order><show_average>false</show_average><show_distribution>false</show_distribution><description text_type="text/html" is_displayed="false" /><type_id>1</type_id><is_active>true</is_active><scoring><can_exceed_weight>false</can_exceed_weight><out_of>10</out_of><is_bonus>false</is_bonus><max_grade>10</max_grade><exclude_from_final_grade_calc>false</exclude_from_final_grade_calc><is_milestone_grade>false</is_milestone_grade></scoring></item><item id="36" identifier="178258" resource_code="byui_produ-139430,byui_produ-156223,byui_produ-175613,byui_produ-175929,byui_produ-176439,byui_produ-179066"><name>Module 02 - Discussion Board 01 (Group 05)</name><short_name>M02 DB1 G05</short_name><sort_order>6</sort_order><show_average>false</show_average><show_distribution>false</show_distribution><description text_type="text/html" is_displayed="false" /><type_id>1</type_id><is_active>true</is_active><scoring><can_exceed_weight>false</can_exceed_weight><out_of>10</out_of><is_bonus>false</is_bonus><max_grade>10</max_grade><exclude_from_final_grade_calc>false</exclude_from_final_grade_calc><is_milestone_grade>false</is_milestone_grade></scoring></item><item id="37" identifier="178259" resource_code="byui_produ-139431,byui_produ-156224,byui_produ-175614,byui_produ-175930,byui_produ-176440,byui_produ-179067"><name>Module 02 - Discussion Board 01 (Group 06)</name><short_name>M02 DB1 G06</short_name><sort_order>7</sort_order><show_average>false</show_average><show_distribution>false</show_distribution><description text_type="text/html" is_displayed="false" /><type_id>1</type_id><is_active>true</is_active><scoring><can_exceed_weight>false</can_exceed_weight><out_of>10</out_of><is_bonus>false</is_bonus><max_grade>10</max_grade><exclude_from_final_grade_calc>false</exclude_from_final_grade_calc><is_milestone_grade>false</is_milestone_grade></scoring></item><item id="38" identifier="178260" resource_code="byui_produ-139432,byui_produ-156225,byui_produ-175615,byui_produ-175931,byui_produ-176441,byui_produ-179068"><name>Module 02 - Discussion Board 01 (Group 07)</name><short_name>M02 DB G07</short_name><sort_order>8</sort_order><show_average>false</show_average><show_distribution>false</show_distribution><description text_type="text/html" is_displayed="false" /><type_id>1</type_id><is_active>true</is_active><scoring><can_exceed_weight>false</can_exceed_weight><out_of>10</out_of><is_bonus>false</is_bonus><max_grade>10</max_grade><exclude_from_final_grade_calc>false</exclude_from_final_grade_calc><is_milestone_grade>false</is_milestone_grade></scoring></item><item id="39" identifier="178261" resource_code="byui_produ-139433,byui_produ-156226,byui_produ-175616,byui_produ-175932,byui_produ-176442,byui_produ-179069"><name>Module 02 - Discussion Board 01 (Group 08)</name><short_name>M02 DB01 G08</short_name><sort_order>9</sort_order><show_average>false</show_average><show_distribution>false</show_distribution><description text_type="text/html" is_displayed="false" /><type_id>1</type_id><is_active>true</is_active><scoring><can_exceed_weight>false</can_exceed_weight><out_of>10</out_of><is_bonus>false</is_bonus><max_grade>10</max_grade><exclude_from_final_grade_calc>false</exclude_from_final_grade_calc><is_milestone_grade>false</is_milestone_grade></scoring></item><item id="40" identifier="178262" resource_code="byui_produ-139434,byui_produ-156227,byui_produ-175617,byui_produ-175933,byui_produ-176443,byui_produ-179070"><name>Module 02 - Discussion Board 01 (Group 09)</name><short_name>M02 DB01 G09</short_name><sort_order>10</sort_order><show_average>false</show_average><show_distribution>false</show_distribution><description text_type="text/html" is_displayed="false" /><type_id>1</type_id><is_active>true</is_active><scoring><can_exceed_weight>false</can_exceed_weight><out_of>10</out_of><is_bonus>false</is_bonus><max_grade>10</max_grade><exclude_from_final_grade_calc>false</exclude_from_final_grade_calc><is_milestone_grade>false</is_milestone_grade></scoring></item><item id="41" identifier="178263" resource_code="byui_produ-139435,byui_produ-156228,byui_produ-175618,byui_produ-175934,byui_produ-176444,byui_produ-179071"><name>Module 02 - Discussion Board 01 (Group 10)</name><short_name>M02 DB01 G10</short_name><sort_order>11</sort_order><show_average>false</show_average><show_distribution>false</show_distribution><description text_type="text/html" is_displayed="false" /><type_id>1</type_id><is_active>true</is_active><scoring><can_exceed_weight>false</can_exceed_weight><out_of>10</out_of><is_bonus>false</is_bonus><max_grade>10</max_grade><exclude_from_final_grade_calc>false</exclude_from_final_grade_calc><is_milestone_grade>false</is_milestone_grade></scoring></item><item id="42" identifier="178264" resource_code="byui_produ-140036,byui_produ-156229,byui_produ-175935"><name>Module 03 - Discussion Board 01 (Group 01)</name><short_name>M03 DB01 G01</short_name><sort_order>12</sort_order><show_average>false</show_average><show_distribution>false</show_distribution><description text_type="text/html" is_displayed="false" /><type_id>1</type_id><is_active>true</is_active><scoring><can_exceed_weight>false</can_exceed_weight><out_of>10</out_of><is_bonus>false</is_bonus><max_grade>10</max_grade><exclude_from_final_grade_calc>false</exclude_from_final_grade_calc><is_milestone_grade>false</is_milestone_grade></scoring></item><item id="43" identifier="178265" resource_code="byui_produ-140037,byui_produ-156230,byui_produ-175936"><name>Module 03 - Discussion Board 01 (Group 02)</name><short_name>M03 DB01 G02</short_name><sort_order>13</sort_order><show_average>false</show_average><show_distribution>false</show_distribution><description text_type="text/html" is_displayed="false" /><type_id>1</type_id><is_active>true</is_active><scoring><can_exceed_weight>false</can_exceed_weight><out_of>10</out_of><is_bonus>false</is_bonus><max_grade>10</max_grade><exclude_from_final_grade_calc>false</exclude_from_final_grade_calc><is_milestone_grade>false</is_milestone_grade></scoring></item><item id="44" identifier="178266" resource_code="byui_produ-140038,byui_produ-156231,byui_produ-175937"><name>Module 03 - Discussion Board 01 (Group 03)</name><short_name>M03 DB01 G03</short_name><sort_order>14</sort_order><show_average>false</show_average><show_distribution>false</show_distribution><description text_type="text/html" is_displayed="false" /><type_id>1</type_id><is_active>true</is_active><scoring><can_exceed_weight>false</can_exceed_weight><out_of>10</out_of><is_bonus>false</is_bonus><max_grade>10</max_grade><exclude_from_final_grade_calc>false</exclude_from_final_grade_calc><is_milestone_grade>false</is_milestone_grade></scoring></item><item id="45" identifier="178267" resource_code="byui_produ-140039,byui_produ-156232,byui_produ-175938"><name>Module 03 - Discussion Board 01 (Group 04)</name><short_name>M03 DB01 G04</short_name><sort_order>15</sort_order><show_average>false</show_average><show_distribution>false</show_distribution><description text_type="text/html" is_displayed="false" /><type_id>1</type_id><is_active>true</is_active><scoring><can_exceed_weight>false</can_exceed_weight><out_of>10</out_of><is_bonus>false</is_bonus><max_grade>10</max_grade><exclude_from_final_grade_calc>false</exclude_from_final_grade_calc><is_milestone_grade>false</is_milestone_grade></scoring></item><item id="46" identifier="178268" resource_code="byui_produ-140040,byui_produ-156233,byui_produ-175939"><name>Module 03 - Discussion Board 01 (Group 05)</name><short_name>M03 DB01 G05</short_name><sort_order>16</sort_order><show_average>false</show_average><show_distribution>false</show_distribution><description text_type="text/html" is_displayed="false" /><type_id>1</type_id><is_active>true</is_active><scoring><can_exceed_weight>false</can_exceed_weight><out_of>10</out_of><is_bonus>false</is_bonus><max_grade>10</max_grade><exclude_from_final_grade_calc>false</exclude_from_final_grade_calc><is_milestone_grade>false</is_milestone_grade></scoring></item><item id="47" identifier="178269" resource_code="byui_produ-140041,byui_produ-156234,byui_produ-175940"><name>Module 03 - Discussion Board 01 (Group 06)</name><short_name>M03 DB01 G06</short_name><sort_order>17</sort_order><show_average>false</show_average><show_distribution>false</show_distribution><description text_type="text/html" is_displayed="false" /><type_id>1</type_id><is_active>true</is_active><scoring><can_exceed_weight>false</can_exceed_weight><out_of>10</out_of><is_bonus>false</is_bonus><max_grade>10</max_grade><exclude_from_final_grade_calc>false</exclude_from_final_grade_calc><is_milestone_grade>false</is_milestone_grade></scoring></item><item id="48" identifier="178270" resource_code="byui_produ-140042,byui_produ-156235,byui_produ-175941"><name>Module 03 - Discussion Board 01 (Group 07)</name><short_name>M03 DB01 G07</short_name><sort_order>18</sort_order><show_average>false</show_average><show_distribution>false</show_distribution><description text_type="text/html" is_displayed="false" /><type_id>1</type_id><is_active>true</is_active><scoring><can_exceed_weight>false</can_exceed_weight><out_of>10</out_of><is_bonus>false</is_bonus><max_grade>10</max_grade><exclude_from_final_grade_calc>false</exclude_from_final_grade_calc><is_milestone_grade>false</is_milestone_grade></scoring></item><item id="49" identifier="178271" resource_code="byui_produ-140043,byui_produ-156236,byui_produ-175942"><name>Module 03 - Discussion Board 01 (Group 08)</name><short_name>M03 DB01 G08</short_name><sort_order>19</sort_order><show_average>false</show_average><show_distribution>false</show_distribution><description text_type="text/html" is_displayed="false" /><type_id>1</type_id><is_active>true</is_active><scoring><can_exceed_weight>false</can_exceed_weight><out_of>10</out_of><is_bonus>false</is_bonus><max_grade>10</max_grade><exclude_from_final_grade_calc>false</exclude_from_final_grade_calc><is_milestone_grade>false</is_milestone_grade></scoring></item><item id="50" identifier="178272" resource_code="byui_produ-140044,byui_produ-156237,byui_produ-175943"><name>Module 03 - Discussion Board 01 (Group 09)</name><short_name>M03 DB01 G09</short_name><sort_order>20</sort_order><show_average>false</show_average><show_distribution>false</show_distribution><description text_type="text/html" is_displayed="false" /><type_id>1</type_id><is_active>true</is_active><scoring><can_exceed_weight>false</can_exceed_weight><out_of>10</out_of><is_bonus>false</is_bonus><max_grade>10</max_grade><exclude_from_final_grade_calc>false</exclude_from_final_grade_calc><is_milestone_grade>false</is_milestone_grade></scoring></item><item id="51" identifier="178273" resource_code="byui_produ-140045,byui_produ-156238,byui_produ-175944"><name>Module 03 - Discussion Board 01 (Group 10)</name><short_name>M03 DB01 G10</short_name><sort_order>21</sort_order><show_average>false</show_average><show_distribution>false</show_distribution><description text_type="text/html" is_displayed="false" /><type_id>1</type_id><is_active>true</is_active><scoring><can_exceed_weight>false</can_exceed_weight><out_of>10</out_of><is_bonus>false</is_bonus><max_grade>10</max_grade><exclude_from_final_grade_calc>false</exclude_from_final_grade_calc><is_milestone_grade>false</is_milestone_grade></scoring></item><item id="52" identifier="178274" resource_code="byui_produ-140046,byui_produ-156239,byui_produ-175945,byui_produ-176445"><name>Module 04 - Discussion Board 01 (Group 01)</name><short_name>M04 DB01 G01</short_name><sort_order>22</sort_order><show_average>false</show_average><show_distribution>false</show_distribution><description text_type="text/html" is_displayed="false" /><type_id>1</type_id><is_active>true</is_active><scoring><can_exceed_weight>false</can_exceed_weight><out_of>10</out_of><is_bonus>false</is_bonus><max_grade>10</max_grade><exclude_from_final_grade_calc>false</exclude_from_final_grade_calc><is_milestone_grade>false</is_milestone_grade></scoring></item><item id="53" identifier="178275" resource_code="byui_produ-140047,byui_produ-156240,byui_produ-175946,byui_produ-176446"><name>Module 04 - Discussion Board 01 (Group 02)</name><short_name>M04 DB01 G02</short_name><sort_order>23</sort_order><show_average>false</show_average><show_distribution>false</show_distribution><description text_type="text/html" is_displayed="false" /><type_id>1</type_id><is_active>true</is_active><scoring><can_exceed_weight>false</can_exceed_weight><out_of>10</out_of><is_bonus>false</is_bonus><max_grade>10</max_grade><exclude_from_final_grade_calc>false</exclude_from_final_grade_calc><is_milestone_grade>false</is_milestone_grade></scoring></item><item id="54" identifier="178276" resource_code="byui_produ-140048,byui_produ-156241,byui_produ-175947,byui_produ-176447"><name>Module 04 - Discussion Board 01 (Group 03)</name><short_name>M04 DB01 G03</short_name><sort_order>24</sort_order><show_average>false</show_average><show_distribution>false</show_distribution><description text_type="text/html" is_displayed="false" /><type_id>1</type_id><is_active>true</is_active><scoring><can_exceed_weight>false</can_exceed_weight><out_of>10</out_of><is_bonus>false</is_bonus><max_grade>10</max_grade><exclude_from_final_grade_calc>false</exclude_from_final_grade_calc><is_milestone_grade>false</is_milestone_grade></scoring></item><item id="55" identifier="178277" resource_code="byui_produ-140049,byui_produ-156242,byui_produ-175948,byui_produ-176448"><name>Module 04 - Discussion Board 01 (Group 04)</name><short_name>M04 DB01 G04</short_name><sort_order>25</sort_order><show_average>false</show_average><show_distribution>false</show_distribution><description text_type="text/html" is_displayed="false" /><type_id>1</type_id><is_active>true</is_active><scoring><can_exceed_weight>false</can_exceed_weight><out_of>10</out_of><is_bonus>false</is_bonus><max_grade>10</max_grade><exclude_from_final_grade_calc>false</exclude_from_final_grade_calc><is_milestone_grade>false</is_milestone_grade></scoring></item><item id="56" identifier="178278" resource_code="byui_produ-140050,byui_produ-156243,byui_produ-175949,byui_produ-176449"><name>Module 04 - Discussion Board 01 (Group 05)</name><short_name>M04 DB01 G05</short_name><sort_order>26</sort_order><show_average>false</show_average><show_distribution>false</show_distribution><description text_type="text/html" is_displayed="false" /><type_id>1</type_id><is_active>true</is_active><scoring><can_exceed_weight>false</can_exceed_weight><out_of>10</out_of><is_bonus>false</is_bonus><max_grade>10</max_grade><exclude_from_final_grade_calc>false</exclude_from_final_grade_calc><is_milestone_grade>false</is_milestone_grade></scoring></item><item id="57" identifier="178279" resource_code="byui_produ-140051,byui_produ-156244,byui_produ-175950,byui_produ-176450"><name>Module 04 - Discussion Board 01 (Group 06)</name><short_name>M04 DB01 G06</short_name><sort_order>27</sort_order><show_average>false</show_average><show_distribution>false</show_distribution><description text_type="text/html" is_displayed="false" /><type_id>1</type_id><is_active>true</is_active><scoring><can_exceed_weight>false</can_exceed_weight><out_of>10</out_of><is_bonus>false</is_bonus><max_grade>10</max_grade><exclude_from_final_grade_calc>false</exclude_from_final_grade_calc><is_milestone_grade>false</is_milestone_grade></scoring></item><item id="58" identifier="178280" resource_code="byui_produ-140052,byui_produ-156245,byui_produ-175951,byui_produ-176451"><name>Module 04 - Discussion Board 01 (Group 07)</name><short_name>M04 DB01 G07</short_name><sort_order>28</sort_order><show_average>false</show_average><show_distribution>false</show_distribution><description text_type="text/html" is_displayed="false" /><type_id>1</type_id><is_active>true</is_active><scoring><can_exceed_weight>false</can_exceed_weight><out_of>10</out_of><is_bonus>false</is_bonus><max_grade>10</max_grade><exclude_from_final_grade_calc>false</exclude_from_final_grade_calc><is_milestone_grade>false</is_milestone_grade></scoring></item><item id="59" identifier="178281" resource_code="byui_produ-140053,byui_produ-156246,byui_produ-175952,byui_produ-176452"><name>Module 04 - Discussion Board 01 (Group 08)</name><short_name>M04 DB01 G08</short_name><sort_order>29</sort_order><show_average>false</show_average><show_distribution>false</show_distribution><description text_type="text/html" is_displayed="false" /><type_id>1</type_id><is_active>true</is_active><scoring><can_exceed_weight>false</can_exceed_weight><out_of>10</out_of><is_bonus>false</is_bonus><max_grade>10</max_grade><exclude_from_final_grade_calc>false</exclude_from_final_grade_calc><is_milestone_grade>false</is_milestone_grade></scoring></item><item id="60" identifier="178282" resource_code="byui_produ-140054,byui_produ-156247,byui_produ-175953,byui_produ-176453"><name>Module 04 - Discussion Board 01 (Group 09)</name><short_name>M04 DB01 G09</short_name><sort_order>30</sort_order><show_average>false</show_average><show_distribution>false</show_distribution><description text_type="text/html" is_displayed="false" /><type_id>1</type_id><is_active>true</is_active><scoring><can_exceed_weight>false</can_exceed_weight><out_of>10</out_of><is_bonus>false</is_bonus><max_grade>10</max_grade><exclude_from_final_grade_calc>false</exclude_from_final_grade_calc><is_milestone_grade>false</is_milestone_grade></scoring></item><item id="61" identifier="178283" resource_code="byui_produ-140055,byui_produ-156248,byui_produ-175954,byui_produ-176454"><name>Module 04 - Discussion Board 01 (Group 10)</name><short_name>M04 DB01 G10</short_name><sort_order>31</sort_order><show_average>false</show_average><show_distribution>false</show_distribution><description text_type="text/html" is_displayed="false" /><type_id>1</type_id><is_active>true</is_active><scoring><can_exceed_weight>false</can_exceed_weight><out_of>10</out_of><is_bonus>false</is_bonus><max_grade>10</max_grade><exclude_from_final_grade_calc>false</exclude_from_final_grade_calc><is_milestone_grade>false</is_milestone_grade></scoring></item><item id="62" identifier="178284" resource_code="byui_produ-140056,byui_produ-156249,byui_produ-176455"><name>Module 05 - Discussion Board 01 (Group 01)</name><short_name>M05 DB01 G01</short_name><sort_order>32</sort_order><show_average>false</show_average><show_distribution>false</show_distribution><description text_type="text/html" is_displayed="false" /><type_id>1</type_id><is_active>true</is_active><scoring><can_exceed_weight>false</can_exceed_weight><out_of>10</out_of><is_bonus>false</is_bonus><max_grade>10</max_grade><exclude_from_final_grade_calc>false</exclude_from_final_grade_calc><is_milestone_grade>false</is_milestone_grade></scoring></item><item id="63" identifier="178285" resource_code="byui_produ-140057,byui_produ-156250,byui_produ-176456"><name>Module 05 - Discussion Board 01 (Group 02)</name><short_name>M05 DB01 G02</short_name><sort_order>33</sort_order><show_average>false</show_average><show_distribution>false</show_distribution><description text_type="text/html" is_displayed="false" /><type_id>1</type_id><is_active>true</is_active><scoring><can_exceed_weight>false</can_exceed_weight><out_of>10</out_of><is_bonus>false</is_bonus><max_grade>10</max_grade><exclude_from_final_grade_calc>false</exclude_from_final_grade_calc><is_milestone_grade>false</is_milestone_grade></scoring></item><item id="64" identifier="178286" resource_code="byui_produ-140058,byui_produ-156251,byui_produ-176457"><name>Module 05 - Discussion Board 01 (Group 03)</name><short_name>M05 DB01 G03</short_name><sort_order>34</sort_order><show_average>false</show_average><show_distribution>false</show_distribution><description text_type="text/html" is_displayed="false" /><type_id>1</type_id><is_active>true</is_active><scoring><can_exceed_weight>false</can_exceed_weight><out_of>10</out_of><is_bonus>false</is_bonus><max_grade>10</max_grade><exclude_from_final_grade_calc>false</exclude_from_final_grade_calc><is_milestone_grade>false</is_milestone_grade></scoring></item><item id="65" identifier="178287" resource_code="byui_produ-140059,byui_produ-156252,byui_produ-176458"><name>Module 05 - Discussion Board 01 (Group 04)</name><short_name>M05 DB01 G04</short_name><sort_order>35</sort_order><show_average>false</show_average><show_distribution>false</show_distribution><description text_type="text/html" is_displayed="false" /><type_id>1</type_id><is_active>true</is_active><scoring><can_exceed_weight>false</can_exceed_weight><out_of>10</out_of><is_bonus>false</is_bonus><max_grade>10</max_grade><exclude_from_final_grade_calc>false</exclude_from_final_grade_calc><is_milestone_grade>false</is_milestone_grade></scoring></item><item id="66" identifier="178288" resource_code="byui_produ-140060,byui_produ-156253,byui_produ-176459"><name>Module 05 - Discussion Board 01 (Group 05)</name><short_name>M05 DB01</short_name><sort_order>36</sort_order><show_average>false</show_average><show_distribution>false</show_distribution><description text_type="text/html" is_displayed="false" /><type_id>1</type_id><is_active>true</is_active><scoring><can_exceed_weight>false</can_exceed_weight><out_of>10</out_of><is_bonus>false</is_bonus><max_grade>10</max_grade><exclude_from_final_grade_calc>false</exclude_from_final_grade_calc><is_milestone_grade>false</is_milestone_grade></scoring></item><item id="67" identifier="178289" resource_code="byui_produ-140061,byui_produ-156254,byui_produ-176460"><name>Module 05 - Discussion Board 01 (Group 06)</name><short_name>M05 DB01 G06</short_name><sort_order>37</sort_order><show_average>false</show_average><show_distribution>false</show_distribution><description text_type="text/html" is_displayed="false" /><type_id>1</type_id><is_active>true</is_active><scoring><can_exceed_weight>false</can_exceed_weight><out_of>10</out_of><is_bonus>false</is_bonus><max_grade>10</max_grade><exclude_from_final_grade_calc>false</exclude_from_final_grade_calc><is_milestone_grade>false</is_milestone_grade></scoring></item><item id="68" identifier="178290" resource_code="byui_produ-140062,byui_produ-156255,byui_produ-176461"><name>Module 05 - Discussion Board 01 (Group 07)</name><short_name>M05 DB01 G07</short_name><sort_order>38</sort_order><show_average>false</show_average><show_distribution>false</show_distribution><description text_type="text/html" is_displayed="false" /><type_id>1</type_id><is_active>true</is_active><scoring><can_exceed_weight>false</can_exceed_weight><out_of>10</out_of><is_bonus>false</is_bonus><max_grade>10</max_grade><exclude_from_final_grade_calc>false</exclude_from_final_grade_calc><is_milestone_grade>false</is_milestone_grade></scoring></item><item id="69" identifier="178291" resource_code="byui_produ-140063,byui_produ-156256,byui_produ-176462"><name>Module 05 - Discussion Board 01 (Group 08)</name><short_name>M05 DB01 G08</short_name><sort_order>39</sort_order><show_average>false</show_average><show_distribution>false</show_distribution><description text_type="text/html" is_displayed="false" /><type_id>1</type_id><is_active>true</is_active><scoring><can_exceed_weight>false</can_exceed_weight><out_of>10</out_of><is_bonus>false</is_bonus><max_grade>10</max_grade><exclude_from_final_grade_calc>false</exclude_from_final_grade_calc><is_milestone_grade>false</is_milestone_grade></scoring></item><item id="70" identifier="178292" resource_code="byui_produ-140064,byui_produ-156257,byui_produ-176463"><name>Module 05 - Discussion Board 01 (Group 09)</name><short_name>M05 DB01 G09</short_name><sort_order>40</sort_order><show_average>false</show_average><show_distribution>false</show_distribution><description text_type="text/html" is_displayed="false" /><type_id>1</type_id><is_active>true</is_active><scoring><can_exceed_weight>false</can_exceed_weight><out_of>10</out_of><is_bonus>false</is_bonus><max_grade>10</max_grade><exclude_from_final_grade_calc>false</exclude_from_final_grade_calc><is_milestone_grade>false</is_milestone_grade></scoring></item><item id="71" identifier="178293" resource_code="byui_produ-140065,byui_produ-156258,byui_produ-176464"><name>Module 05 - Discussion Board 01 (Group 10)</name><short_name>M05 DB01 G10</short_name><sort_order>41</sort_order><show_average>false</show_average><show_distribution>false</show_distribution><description text_type="text/html" is_displayed="false" /><type_id>1</type_id><is_active>true</is_active><scoring><can_exceed_weight>false</can_exceed_weight><out_of>10</out_of><is_bonus>false</is_bonus><max_grade>10</max_grade><exclude_from_final_grade_calc>false</exclude_from_final_grade_calc><is_milestone_grade>false</is_milestone_grade></scoring></item><item id="72" identifier="178294" resource_code="byui_produ-147129,byui_produ-156259"><name>Module 06 - Discussion Board 01 (Group 01)</name><short_name>M06 DB01 G01</short_name><sort_order>42</sort_order><show_average>false</show_average><show_distribution>false</show_distribution><description text_type="text/html" is_displayed="false" /><type_id>1</type_id><is_active>true</is_active><scoring><can_exceed_weight>false</can_exceed_weight><out_of>10</out_of><is_bonus>false</is_bonus><max_grade>10</max_grade><exclude_from_final_grade_calc>false</exclude_from_final_grade_calc><is_milestone_grade>false</is_milestone_grade></scoring></item><item id="73" identifier="178295" resource_code="byui_produ-147130,byui_produ-156260"><name>Module 06 - Discussion Board 01 (Group 02)</name><short_name>M06 DB01 G02</short_name><sort_order>43</sort_order><show_average>false</show_average><show_distribution>false</show_distribution><description text_type="text/html" is_displayed="false" /><type_id>1</type_id><is_active>true</is_active><scoring><can_exceed_weight>false</can_exceed_weight><out_of>10</out_of><is_bonus>false</is_bonus><max_grade>10</max_grade><exclude_from_final_grade_calc>false</exclude_from_final_grade_calc><is_milestone_grade>false</is_milestone_grade></scoring></item><item id="74" identifier="178296" resource_code="byui_produ-147131,byui_produ-156261"><name>Module 06 - Discussion Board 01 (Group 03)</name><short_name>M06 DB01 G03</short_name><sort_order>44</sort_order><show_average>false</show_average><show_distribution>false</show_distribution><description text_type="text/html" is_displayed="false" /><type_id>1</type_id><is_active>true</is_active><scoring><can_exceed_weight>false</can_exceed_weight><out_of>10</out_of><is_bonus>false</is_bonus><max_grade>10</max_grade><exclude_from_final_grade_calc>false</exclude_from_final_grade_calc><is_milestone_grade>false</is_milestone_grade></scoring></item><item id="75" identifier="178297" resource_code="byui_produ-147132,byui_produ-156262"><name>Module 06 - Discussion Board 01 (Group 04)</name><short_name>M06 DB01 G04</short_name><sort_order>45</sort_order><show_average>false</show_average><show_distribution>false</show_distribution><description text_type="text/html" is_displayed="false" /><type_id>1</type_id><is_active>true</is_active><scoring><can_exceed_weight>false</can_exceed_weight><out_of>10</out_of><is_bonus>false</is_bonus><max_grade>10</max_grade><exclude_from_final_grade_calc>false</exclude_from_final_grade_calc><is_milestone_grade>false</is_milestone_grade></scoring></item><item id="76" identifier="178298" resource_code="byui_produ-147133,byui_produ-156263"><name>Module 06 - Discussion Board 01 (Group 05)</name><short_name>M06 DB01 G05</short_name><sort_order>46</sort_order><show_average>false</show_average><show_distribution>false</show_distribution><description text_type="text/html" is_displayed="false" /><type_id>1</type_id><is_active>true</is_active><scoring><can_exceed_weight>false</can_exceed_weight><out_of>10</out_of><is_bonus>false</is_bonus><max_grade>10</max_grade><exclude_from_final_grade_calc>false</exclude_from_final_grade_calc><is_milestone_grade>false</is_milestone_grade></scoring></item><item id="77" identifier="178299" resource_code="byui_produ-147134,byui_produ-156264"><name>Module 06 - Discussion Board 01 (Group 06)</name><short_name>M06 DB01 G06</short_name><sort_order>47</sort_order><show_average>false</show_average><show_distribution>false</show_distribution><description text_type="text/html" is_displayed="false" /><type_id>1</type_id><is_active>true</is_active><scoring><can_exceed_weight>false</can_exceed_weight><out_of>10</out_of><is_bonus>false</is_bonus><max_grade>10</max_grade><exclude_from_final_grade_calc>false</exclude_from_final_grade_calc><is_milestone_grade>false</is_milestone_grade></scoring></item><item id="78" identifier="178300" resource_code="byui_produ-147135,byui_produ-156265"><name>Module 06 - Discussion Board 01 (Group 07)</name><short_name>M06 DB01 G07</short_name><sort_order>48</sort_order><show_average>false</show_average><show_distribution>false</show_distribution><description text_type="text/html" is_displayed="false" /><type_id>1</type_id><is_active>true</is_active><scoring><can_exceed_weight>false</can_exceed_weight><out_of>10</out_of><is_bonus>false</is_bonus><max_grade>10</max_grade><exclude_from_final_grade_calc>false</exclude_from_final_grade_calc><is_milestone_grade>false</is_milestone_grade></scoring></item><item id="79" identifier="178301" resource_code="byui_produ-147136,byui_produ-156266"><name>Module 06 - Discussion Board 01 (Group 08)</name><short_name>M06 DB01 G08</short_name><sort_order>49</sort_order><show_average>false</show_average><show_distribution>false</show_distribution><description text_type="text/html" is_displayed="false" /><type_id>1</type_id><is_active>true</is_active><scoring><can_exceed_weight>false</can_exceed_weight><out_of>10</out_of><is_bonus>false</is_bonus><max_grade>10</max_grade><exclude_from_final_grade_calc>false</exclude_from_final_grade_calc><is_milestone_grade>false</is_milestone_grade></scoring></item><item id="80" identifier="178302" resource_code="byui_produ-147137,byui_produ-156267"><name>Module 06 - Discussion Board 01 (Group 09)</name><short_name>M06 DB01 G09</short_name><sort_order>50</sort_order><show_average>false</show_average><show_distribution>false</show_distribution><description text_type="text/html" is_displayed="false" /><type_id>1</type_id><is_active>true</is_active><scoring><can_exceed_weight>false</can_exceed_weight><out_of>10</out_of><is_bonus>false</is_bonus><max_grade>10</max_grade><exclude_from_final_grade_calc>false</exclude_from_final_grade_calc><is_milestone_grade>false</is_milestone_grade></scoring></item><item id="81" identifier="178303" resource_code="byui_produ-147138,byui_produ-156268"><name>Module 06 - Discussion Board 01 (Group 10)</name><short_name>M06 DB01 G10</short_name><sort_order>51</sort_order><show_average>false</show_average><show_distribution>false</show_distribution><description text_type="text/html" is_displayed="false" /><type_id>1</type_id><is_active>true</is_active><scoring><can_exceed_weight>false</can_exceed_weight><out_of>10</out_of><is_bonus>false</is_bonus><max_grade>10</max_grade><exclude_from_final_grade_calc>false</exclude_from_final_grade_calc><is_milestone_grade>false</is_milestone_grade></scoring></item><item id="82" identifier="178304" resource_code="byui_produ-147139,byui_produ-156269"><name>Module 07 - Discussion Board 01 (Group 01)</name><short_name>M07 DB01 G01</short_name><sort_order>52</sort_order><show_average>false</show_average><show_distribution>false</show_distribution><description text_type="text/html" is_displayed="false" /><type_id>1</type_id><is_active>true</is_active><scoring><can_exceed_weight>false</can_exceed_weight><out_of>10</out_of><is_bonus>false</is_bonus><max_grade>10</max_grade><exclude_from_final_grade_calc>false</exclude_from_final_grade_calc><is_milestone_grade>false</is_milestone_grade></scoring></item><item id="83" identifier="178305" resource_code="byui_produ-147140,byui_produ-156270"><name>Module 07 - Discussion Board 01 (Group 02)</name><short_name>M07 DB01 G02</short_name><sort_order>53</sort_order><show_average>false</show_average><show_distribution>false</show_distribution><description text_type="text/html" is_displayed="false" /><type_id>1</type_id><is_active>true</is_active><scoring><can_exceed_weight>false</can_exceed_weight><out_of>10</out_of><is_bonus>false</is_bonus><max_grade>10</max_grade><exclude_from_final_grade_calc>false</exclude_from_final_grade_calc><is_milestone_grade>false</is_milestone_grade></scoring></item><item id="84" identifier="178306" resource_code="byui_produ-147141,byui_produ-156271"><name>Module 07 - Discussion Board 01 (Group 03)</name><short_name>M07 DB01 G03</short_name><sort_order>54</sort_order><show_average>false</show_average><show_distribution>false</show_distribution><description text_type="text/html" is_displayed="false" /><type_id>1</type_id><is_active>true</is_active><scoring><can_exceed_weight>false</can_exceed_weight><out_of>10</out_of><is_bonus>false</is_bonus><max_grade>10</max_grade><exclude_from_final_grade_calc>false</exclude_from_final_grade_calc><is_milestone_grade>false</is_milestone_grade></scoring></item><item id="85" identifier="178307" resource_code="byui_produ-147142,byui_produ-156272"><name>Module 07 - Discussion Board 01 (Group 04)</name><short_name>M07 DB01 G04</short_name><sort_order>55</sort_order><show_average>false</show_average><show_distribution>false</show_distribution><description text_type="text/html" is_displayed="false" /><type_id>1</type_id><is_active>true</is_active><scoring><can_exceed_weight>false</can_exceed_weight><out_of>10</out_of><is_bonus>false</is_bonus><max_grade>10</max_grade><exclude_from_final_grade_calc>false</exclude_from_final_grade_calc><is_milestone_grade>false</is_milestone_grade></scoring></item><item id="86" identifier="178308" resource_code="byui_produ-147143,byui_produ-156273"><name>Module 07 - Discussion Board 01 (Group 05)</name><short_name>M07 DB01 G05</short_name><sort_order>56</sort_order><show_average>false</show_average><show_distribution>false</show_distribution><description text_type="text/html" is_displayed="false" /><type_id>1</type_id><is_active>true</is_active><scoring><can_exceed_weight>false</can_exceed_weight><out_of>10</out_of><is_bonus>false</is_bonus><max_grade>10</max_grade><exclude_from_final_grade_calc>false</exclude_from_final_grade_calc><is_milestone_grade>false</is_milestone_grade></scoring></item><item id="87" identifier="178309" resource_code="byui_produ-147144,byui_produ-156274"><name>Module 07 - Discussion Board 01 (Group 06)</name><short_name>M07 DB01 G06</short_name><sort_order>57</sort_order><show_average>false</show_average><show_distribution>false</show_distribution><description text_type="text/html" is_displayed="false" /><type_id>1</type_id><is_active>true</is_active><scoring><can_exceed_weight>false</can_exceed_weight><out_of>10</out_of><is_bonus>false</is_bonus><max_grade>10</max_grade><exclude_from_final_grade_calc>false</exclude_from_final_grade_calc><is_milestone_grade>false</is_milestone_grade></scoring></item><item id="88" identifier="178310" resource_code="byui_produ-147145,byui_produ-156275"><name>Module 07 - Discussion Board 01 (Group 07)</name><short_name>M07 DB01 G07</short_name><sort_order>58</sort_order><show_average>false</show_average><show_distribution>false</show_distribution><description text_type="text/html" is_displayed="false" /><type_id>1</type_id><is_active>true</is_active><scoring><can_exceed_weight>false</can_exceed_weight><out_of>10</out_of><is_bonus>false</is_bonus><max_grade>10</max_grade><exclude_from_final_grade_calc>false</exclude_from_final_grade_calc><is_milestone_grade>false</is_milestone_grade></scoring></item><item id="89" identifier="178311" resource_code="byui_produ-147146,byui_produ-156276"><name>Module 07 - Discussion Board 01 (Group 08)</name><short_name>M07 DB01 G08</short_name><sort_order>59</sort_order><show_average>false</show_average><show_distribution>false</show_distribution><description text_type="text/html" is_displayed="false" /><type_id>1</type_id><is_active>true</is_active><scoring><can_exceed_weight>false</can_exceed_weight><out_of>10</out_of><is_bonus>false</is_bonus><max_grade>10</max_grade><exclude_from_final_grade_calc>false</exclude_from_final_grade_calc><is_milestone_grade>false</is_milestone_grade></scoring></item><item id="90" identifier="178312" resource_code="byui_produ-147147,byui_produ-156277"><name>Module 07 - Discussion Board 01 (Group 09)</name><short_name>M07 DB01 G09</short_name><sort_order>60</sort_order><show_average>false</show_average><show_distribution>false</show_distribution><description text_type="text/html" is_displayed="false" /><type_id>1</type_id><is_active>true</is_active><scoring><can_exceed_weight>false</can_exceed_weight><out_of>10</out_of><is_bonus>false</is_bonus><max_grade>10</max_grade><exclude_from_final_grade_calc>false</exclude_from_final_grade_calc><is_milestone_grade>false</is_milestone_grade></scoring></item><item id="91" identifier="178313" resource_code="byui_produ-147148,byui_produ-156278"><name>Module 07 - Discussion Board 01 (Group 10)</name><short_name>M07 DB01 G10</short_name><sort_order>61</sort_order><show_average>false</show_average><show_distribution>false</show_distribution><description text_type="text/html" is_displayed="false" /><type_id>1</type_id><is_active>true</is_active><scoring><can_exceed_weight>false</can_exceed_weight><out_of>10</out_of><is_bonus>false</is_bonus><max_grade>10</max_grade><exclude_from_final_grade_calc>false</exclude_from_final_grade_calc><is_milestone_grade>false</is_milestone_grade></scoring></item><item id="92" identifier="178314" resource_code="byui_produ-147149,byui_produ-156279,byui_produ-176465"><name>Module 08 - Discussion Board 01 (Group 01)</name><short_name>M08 DB01 G01</short_name><sort_order>62</sort_order><show_average>false</show_average><show_distribution>false</show_distribution><description text_type="text/html" is_displayed="false" /><type_id>1</type_id><is_active>true</is_active><scoring><can_exceed_weight>false</can_exceed_weight><out_of>10</out_of><is_bonus>false</is_bonus><max_grade>10</max_grade><exclude_from_final_grade_calc>false</exclude_from_final_grade_calc><is_milestone_grade>false</is_milestone_grade></scoring></item><item id="93" identifier="178315" resource_code="byui_produ-147150,byui_produ-156280,byui_produ-176466"><name>Module 08 - Discussion Board 01 (Group 02)</name><short_name>M08 DB01 G02</short_name><sort_order>63</sort_order><show_average>false</show_average><show_distribution>false</show_distribution><description text_type="text/html" is_displayed="false" /><type_id>1</type_id><is_active>true</is_active><scoring><can_exceed_weight>false</can_exceed_weight><out_of>10</out_of><is_bonus>false</is_bonus><max_grade>10</max_grade><exclude_from_final_grade_calc>false</exclude_from_final_grade_calc><is_milestone_grade>false</is_milestone_grade></scoring></item><item id="94" identifier="178316" resource_code="byui_produ-147151,byui_produ-156281,byui_produ-176467"><name>Module 08 - Discussion Board 01 (Group 03)</name><short_name>M08 DB01 G03</short_name><sort_order>64</sort_order><show_average>false</show_average><show_distribution>false</show_distribution><description text_type="text/html" is_displayed="false" /><type_id>1</type_id><is_active>true</is_active><scoring><can_exceed_weight>false</can_exceed_weight><out_of>10</out_of><is_bonus>false</is_bonus><max_grade>10</max_grade><exclude_from_final_grade_calc>false</exclude_from_final_grade_calc><is_milestone_grade>false</is_milestone_grade></scoring></item><item id="95" identifier="178317" resource_code="byui_produ-147152,byui_produ-156282,byui_produ-176468"><name>Module 08 - Discussion Board 01 (Group 04)</name><short_name>M08 DB01 G04</short_name><sort_order>65</sort_order><show_average>false</show_average><show_distribution>false</show_distribution><description text_type="text/html" is_displayed="false" /><type_id>1</type_id><is_active>true</is_active><scoring><can_exceed_weight>false</can_exceed_weight><out_of>10</out_of><is_bonus>false</is_bonus><max_grade>10</max_grade><exclude_from_final_grade_calc>false</exclude_from_final_grade_calc><is_milestone_grade>false</is_milestone_grade></scoring></item><item id="96" identifier="178318" resource_code="byui_produ-147153,byui_produ-156283,byui_produ-176469"><name>Module 08 - Discussion Board 01 (Group 05)</name><short_name>M08 DB01 G05</short_name><sort_order>66</sort_order><show_average>false</show_average><show_distribution>false</show_distribution><description text_type="text/html" is_displayed="false" /><type_id>1</type_id><is_active>true</is_active><scoring><can_exceed_weight>false</can_exceed_weight><out_of>10</out_of><is_bonus>false</is_bonus><max_grade>10</max_grade><exclude_from_final_grade_calc>false</exclude_from_final_grade_calc><is_milestone_grade>false</is_milestone_grade></scoring></item><item id="97" identifier="178319" resource_code="byui_produ-147154,byui_produ-156284,byui_produ-176470"><name>Module 08 - Discussion Board 01 (Group 06)</name><short_name>M08 DB01 G06</short_name><sort_order>67</sort_order><show_average>false</show_average><show_distribution>false</show_distribution><description text_type="text/html" is_displayed="false" /><type_id>1</type_id><is_active>true</is_active><scoring><can_exceed_weight>false</can_exceed_weight><out_of>10</out_of><is_bonus>false</is_bonus><max_grade>10</max_grade><exclude_from_final_grade_calc>false</exclude_from_final_grade_calc><is_milestone_grade>false</is_milestone_grade></scoring></item><item id="98" identifier="178320" resource_code="byui_produ-147155,byui_produ-156285,byui_produ-176471"><name>Module 08 - Discussion Board 01 (Group 07)</name><short_name>M08 DB01 G07</short_name><sort_order>68</sort_order><show_average>false</show_average><show_distribution>false</show_distribution><description text_type="text/html" is_displayed="false" /><type_id>1</type_id><is_active>true</is_active><scoring><can_exceed_weight>false</can_exceed_weight><out_of>10</out_of><is_bonus>false</is_bonus><max_grade>10</max_grade><exclude_from_final_grade_calc>false</exclude_from_final_grade_calc><is_milestone_grade>false</is_milestone_grade></scoring></item><item id="99" identifier="178321" resource_code="byui_produ-147156,byui_produ-156286,byui_produ-176472"><name>Module 08 - Discussion Board 01 (Group 08)</name><short_name>M08 DB G08</short_name><sort_order>69</sort_order><show_average>false</show_average><show_distribution>false</show_distribution><description text_type="text/html" is_displayed="false" /><type_id>1</type_id><is_active>true</is_active><scoring><can_exceed_weight>false</can_exceed_weight><out_of>10</out_of><is_bonus>false</is_bonus><max_grade>10</max_grade><exclude_from_final_grade_calc>false</exclude_from_final_grade_calc><is_milestone_grade>false</is_milestone_grade></scoring></item><item id="100" identifier="178322" resource_code="byui_produ-147157,byui_produ-156287,byui_produ-176473"><name>Module 08 - Discussion Board 01 (Group 09)</name><short_name>M08 DB01 G09</short_name><sort_order>70</sort_order><show_average>false</show_average><show_distribution>false</show_distribution><description text_type="text/html" is_displayed="false" /><type_id>1</type_id><is_active>true</is_active><scoring><can_exceed_weight>false</can_exceed_weight><out_of>10</out_of><is_bonus>false</is_bonus><max_grade>10</max_grade><exclude_from_final_grade_calc>false</exclude_from_final_grade_calc><is_milestone_grade>false</is_milestone_grade></scoring></item><item id="101" identifier="178323" resource_code="byui_produ-147158,byui_produ-156288,byui_produ-176474"><name>Module 08 - Discussion Board 01 (Group 10)</name><short_name>M08 DB01 G10</short_name><sort_order>71</sort_order><show_average>false</show_average><show_distribution>false</show_distribution><description text_type="text/html" is_displayed="false" /><type_id>1</type_id><is_active>true</is_active><scoring><can_exceed_weight>false</can_exceed_weight><out_of>10</out_of><is_bonus>false</is_bonus><max_grade>10</max_grade><exclude_from_final_grade_calc>false</exclude_from_final_grade_calc><is_milestone_grade>false</is_milestone_grade></scoring></item><item id="102" identifier="178324" resource_code="byui_produ-147159,byui_produ-156289,byui_produ-176475"><name>Module 09 - Discussion Board 01 (Group 01)</name><short_name>M09 DB01 G01</short_name><sort_order>72</sort_order><show_average>false</show_average><show_distribution>false</show_distribution><description text_type="text/html" is_displayed="false" /><type_id>1</type_id><is_active>true</is_active><scoring><can_exceed_weight>false</can_exceed_weight><out_of>10</out_of><is_bonus>false</is_bonus><max_grade>10</max_grade><exclude_from_final_grade_calc>false</exclude_from_final_grade_calc><is_milestone_grade>false</is_milestone_grade></scoring></item><item id="103" identifier="178325" resource_code="byui_produ-147160,byui_produ-156290,byui_produ-176476"><name>Module 09 - Discussion Board 01 (Group 02)</name><short_name>M09 DB01 G02</short_name><sort_order>73</sort_order><show_average>false</show_average><show_distribution>false</show_distribution><description text_type="text/html" is_displayed="false" /><type_id>1</type_id><is_active>true</is_active><scoring><can_exceed_weight>false</can_exceed_weight><out_of>10</out_of><is_bonus>false</is_bonus><max_grade>10</max_grade><exclude_from_final_grade_calc>false</exclude_from_final_grade_calc><is_milestone_grade>false</is_milestone_grade></scoring></item><item id="104" identifier="178326" resource_code="byui_produ-147161,byui_produ-156291,byui_produ-176477"><name>Module 09 - Discussion Board 01 (Group 03)</name><short_name>M09 DB01 G03</short_name><sort_order>74</sort_order><show_average>false</show_average><show_distribution>false</show_distribution><description text_type="text/html" is_displayed="false" /><type_id>1</type_id><is_active>true</is_active><scoring><can_exceed_weight>false</can_exceed_weight><out_of>10</out_of><is_bonus>false</is_bonus><max_grade>10</max_grade><exclude_from_final_grade_calc>false</exclude_from_final_grade_calc><is_milestone_grade>false</is_milestone_grade></scoring></item><item id="105" identifier="178327" resource_code="byui_produ-147162,byui_produ-156292,byui_produ-176478"><name>Module 09 - Discussion Board 01 (Group 04)</name><short_name>M09 DB01 G04</short_name><sort_order>75</sort_order><show_average>false</show_average><show_distribution>false</show_distribution><description text_type="text/html" is_displayed="false" /><type_id>1</type_id><is_active>true</is_active><scoring><can_exceed_weight>false</can_exceed_weight><out_of>10</out_of><is_bonus>false</is_bonus><max_grade>10</max_grade><exclude_from_final_grade_calc>false</exclude_from_final_grade_calc><is_milestone_grade>false</is_milestone_grade></scoring></item><item id="106" identifier="178328" resource_code="byui_produ-147163,byui_produ-156293,byui_produ-176479"><name>Module 09 - Discussion Board 01 (Group 05)</name><short_name>M09 DB01 G05</short_name><sort_order>76</sort_order><show_average>false</show_average><show_distribution>false</show_distribution><description text_type="text/html" is_displayed="false" /><type_id>1</type_id><is_active>true</is_active><scoring><can_exceed_weight>false</can_exceed_weight><out_of>10</out_of><is_bonus>false</is_bonus><max_grade>10</max_grade><exclude_from_final_grade_calc>false</exclude_from_final_grade_calc><is_milestone_grade>false</is_milestone_grade></scoring></item><item id="107" identifier="178329" resource_code="byui_produ-147164,byui_produ-156294,byui_produ-176480"><name>Module 09 - Discussion Board 01 (Group 06)</name><short_name>M09 DB01 G06</short_name><sort_order>77</sort_order><show_average>false</show_average><show_distribution>false</show_distribution><description text_type="text/html" is_displayed="false" /><type_id>1</type_id><is_active>true</is_active><scoring><can_exceed_weight>false</can_exceed_weight><out_of>10</out_of><is_bonus>false</is_bonus><max_grade>10</max_grade><exclude_from_final_grade_calc>false</exclude_from_final_grade_calc><is_milestone_grade>false</is_milestone_grade></scoring></item><item id="108" identifier="178330" resource_code="byui_produ-147165,byui_produ-156295,byui_produ-176481"><name>Module 09 - Discussion Board 01 (Group 07)</name><short_name>M09 DB01 G07</short_name><sort_order>78</sort_order><show_average>false</show_average><show_distribution>false</show_distribution><description text_type="text/html" is_displayed="false" /><type_id>1</type_id><is_active>true</is_active><scoring><can_exceed_weight>false</can_exceed_weight><out_of>10</out_of><is_bonus>false</is_bonus><max_grade>10</max_grade><exclude_from_final_grade_calc>false</exclude_from_final_grade_calc><is_milestone_grade>false</is_milestone_grade></scoring></item><item id="109" identifier="178331" resource_code="byui_produ-147166,byui_produ-156296,byui_produ-176482"><name>Module 09 - Discussion Board 01 (Group 08)</name><short_name>M09 DB01 G08</short_name><sort_order>79</sort_order><show_average>false</show_average><show_distribution>false</show_distribution><description text_type="text/html" is_displayed="false" /><type_id>1</type_id><is_active>true</is_active><scoring><can_exceed_weight>false</can_exceed_weight><out_of>10</out_of><is_bonus>false</is_bonus><max_grade>10</max_grade><exclude_from_final_grade_calc>false</exclude_from_final_grade_calc><is_milestone_grade>false</is_milestone_grade></scoring></item><item id="110" identifier="178332" resource_code="byui_produ-147167,byui_produ-156297,byui_produ-176483"><name>Module 09 - Discussion Board 01 (Group 09)</name><short_name>M09 DB01 G09</short_name><sort_order>80</sort_order><show_average>false</show_average><show_distribution>false</show_distribution><description text_type="text/html" is_displayed="false" /><type_id>1</type_id><is_active>true</is_active><scoring><can_exceed_weight>false</can_exceed_weight><out_of>10</out_of><is_bonus>false</is_bonus><max_grade>10</max_grade><exclude_from_final_grade_calc>false</exclude_from_final_grade_calc><is_milestone_grade>false</is_milestone_grade></scoring></item><item id="111" identifier="178333" resource_code="byui_produ-147168,byui_produ-156298,byui_produ-176484"><name>Module 09 - Discussion Board 01 (Group 10)</name><short_name>M09 DB01 G10</short_name><sort_order>81</sort_order><show_average>false</show_average><show_distribution>false</show_distribution><description text_type="text/html" is_displayed="false" /><type_id>1</type_id><is_active>true</is_active><scoring><can_exceed_weight>false</can_exceed_weight><out_of>10</out_of><is_bonus>false</is_bonus><max_grade>10</max_grade><exclude_from_final_grade_calc>false</exclude_from_final_grade_calc><is_milestone_grade>false</is_milestone_grade></scoring></item><item id="112" identifier="178334" resource_code="byui_produ-147169,byui_produ-156299,byui_produ-176485"><name>Module 10 - Discussion Board 01 (Group 01)</name><short_name>M10 DB01 G01</short_name><sort_order>82</sort_order><show_average>false</show_average><show_distribution>false</show_distribution><description text_type="text/html" is_displayed="false" /><type_id>1</type_id><is_active>true</is_active><scoring><can_exceed_weight>false</can_exceed_weight><out_of>10</out_of><is_bonus>false</is_bonus><max_grade>10</max_grade><exclude_from_final_grade_calc>false</exclude_from_final_grade_calc><is_milestone_grade>false</is_milestone_grade></scoring></item><item id="113" identifier="178335" resource_code="byui_produ-147170,byui_produ-156300,byui_produ-176486"><name>Module 10 - Discussion Board 01 (Group 02)</name><short_name>M10 DB01 G02 </short_name><sort_order>83</sort_order><show_average>false</show_average><show_distribution>false</show_distribution><description text_type="text/html" is_displayed="false" /><type_id>1</type_id><is_active>true</is_active><scoring><can_exceed_weight>false</can_exceed_weight><out_of>10</out_of><is_bonus>false</is_bonus><max_grade>10</max_grade><exclude_from_final_grade_calc>false</exclude_from_final_grade_calc><is_milestone_grade>false</is_milestone_grade></scoring></item><item id="114" identifier="178336" resource_code="byui_produ-147171,byui_produ-156301,byui_produ-176487"><name>Module 10 - Discussion Board 01 (Group 03)</name><short_name>M10 DB01 G03</short_name><sort_order>84</sort_order><show_average>false</show_average><show_distribution>false</show_distribution><description text_type="text/html" is_displayed="false" /><type_id>1</type_id><is_active>true</is_active><scoring><can_exceed_weight>false</can_exceed_weight><out_of>10</out_of><is_bonus>false</is_bonus><max_grade>10</max_grade><exclude_from_final_grade_calc>false</exclude_from_final_grade_calc><is_milestone_grade>false</is_milestone_grade></scoring></item><item id="115" identifier="178337" resource_code="byui_produ-147172,byui_produ-156302,byui_produ-176488"><name>Module 10 - Discussion Board 01 (Group 04)</name><short_name>M10 DB01 G04</short_name><sort_order>85</sort_order><show_average>false</show_average><show_distribution>false</show_distribution><description text_type="text/html" is_displayed="false" /><type_id>1</type_id><is_active>true</is_active><scoring><can_exceed_weight>false</can_exceed_weight><out_of>10</out_of><is_bonus>false</is_bonus><max_grade>10</max_grade><exclude_from_final_grade_calc>false</exclude_from_final_grade_calc><is_milestone_grade>false</is_milestone_grade></scoring></item><item id="116" identifier="178338" resource_code="byui_produ-147173,byui_produ-156303,byui_produ-176489"><name>Module 10 - Discussion Board 01 (Group 05)</name><short_name>M10 DB01 G05</short_name><sort_order>86</sort_order><show_average>false</show_average><show_distribution>false</show_distribution><description text_type="text/html" is_displayed="false" /><type_id>1</type_id><is_active>true</is_active><scoring><can_exceed_weight>false</can_exceed_weight><out_of>10</out_of><is_bonus>false</is_bonus><max_grade>10</max_grade><exclude_from_final_grade_calc>false</exclude_from_final_grade_calc><is_milestone_grade>false</is_milestone_grade></scoring></item><item id="117" identifier="178339" resource_code="byui_produ-147174,byui_produ-156304,byui_produ-176490"><name>Module 10 - Discussion Board 01 (Group 06)</name><short_name>M10 DB01 G06</short_name><sort_order>87</sort_order><show_average>false</show_average><show_distribution>false</show_distribution><description text_type="text/html" is_displayed="false" /><type_id>1</type_id><is_active>true</is_active><scoring><can_exceed_weight>false</can_exceed_weight><out_of>10</out_of><is_bonus>false</is_bonus><max_grade>10</max_grade><exclude_from_final_grade_calc>false</exclude_from_final_grade_calc><is_milestone_grade>false</is_milestone_grade></scoring></item><item id="118" identifier="178340" resource_code="byui_produ-147175,byui_produ-156305,byui_produ-176491"><name>Module 10 - Discussion Board 01 (Group 07)</name><short_name>M10 DB01 D07</short_name><sort_order>88</sort_order><show_average>false</show_average><show_distribution>false</show_distribution><description text_type="text/html" is_displayed="false" /><type_id>1</type_id><is_active>true</is_active><scoring><can_exceed_weight>false</can_exceed_weight><out_of>10</out_of><is_bonus>false</is_bonus><max_grade>10</max_grade><exclude_from_final_grade_calc>false</exclude_from_final_grade_calc><is_milestone_grade>false</is_milestone_grade></scoring></item><item id="119" identifier="178341" resource_code="byui_produ-147176,byui_produ-156306,byui_produ-176492"><name>Module 10 - Discussion Board 01 (Group 08)</name><short_name>M10 DB01 G08</short_name><sort_order>89</sort_order><show_average>false</show_average><show_distribution>false</show_distribution><description text_type="text/html" is_displayed="false" /><type_id>1</type_id><is_active>true</is_active><scoring><can_exceed_weight>false</can_exceed_weight><out_of>10</out_of><is_bonus>false</is_bonus><max_grade>10</max_grade><exclude_from_final_grade_calc>false</exclude_from_final_grade_calc><is_milestone_grade>false</is_milestone_grade></scoring></item><item id="120" identifier="178342" resource_code="byui_produ-147177,byui_produ-156307,byui_produ-176493"><name>Module 10 - Discussion Board 01 (Group 09)</name><short_name>M10 DB01 G09</short_name><sort_order>90</sort_order><show_average>false</show_average><show_distribution>false</show_distribution><description text_type="text/html" is_displayed="false" /><type_id>1</type_id><is_active>true</is_active><scoring><can_exceed_weight>false</can_exceed_weight><out_of>10</out_of><is_bonus>false</is_bonus><max_grade>10</max_grade><exclude_from_final_grade_calc>false</exclude_from_final_grade_calc><is_milestone_grade>false</is_milestone_grade></scoring></item><item id="121" identifier="178343" resource_code="byui_produ-147178,byui_produ-156308,byui_produ-176494"><name>Module 10 - Discussion Board 01 (Group 10)</name><short_name>M10 DB01 G10</short_name><sort_order>91</sort_order><show_average>false</show_average><show_distribution>false</show_distribution><description text_type="text/html" is_displayed="false" /><type_id>1</type_id><is_active>true</is_active><scoring><can_exceed_weight>false</can_exceed_weight><out_of>10</out_of><is_bonus>false</is_bonus><max_grade>10</max_grade><exclude_from_final_grade_calc>false</exclude_from_final_grade_calc><is_milestone_grade>false</is_milestone_grade></scoring></item><item id="122" identifier="178344" resource_code="byui_produ-147179,byui_produ-156309,byui_produ-176495"><name>Module 11 - Discussion Board 01 (Group 01)</name><short_name>M11 DB01 G01</short_name><sort_order>92</sort_order><show_average>false</show_average><show_distribution>false</show_distribution><description text_type="text/html" is_displayed="false" /><type_id>1</type_id><is_active>true</is_active><scoring><can_exceed_weight>false</can_exceed_weight><out_of>10</out_of><is_bonus>false</is_bonus><max_grade>10</max_grade><exclude_from_final_grade_calc>false</exclude_from_final_grade_calc><is_milestone_grade>false</is_milestone_grade></scoring></item><item id="123" identifier="178345" resource_code="byui_produ-147180,byui_produ-156310,byui_produ-176496"><name>Module 11 - Discussion Board 01 (Group 02)</name><short_name>M11 DB01 G02</short_name><sort_order>93</sort_order><show_average>false</show_average><show_distribution>false</show_distribution><description text_type="text/html" is_displayed="false" /><type_id>1</type_id><is_active>true</is_active><scoring><can_exceed_weight>false</can_exceed_weight><out_of>10</out_of><is_bonus>false</is_bonus><max_grade>10</max_grade><exclude_from_final_grade_calc>false</exclude_from_final_grade_calc><is_milestone_grade>false</is_milestone_grade></scoring></item><item id="124" identifier="178346" resource_code="byui_produ-147181,byui_produ-156311,byui_produ-176497"><name>Module 11 - Discussion Board 01 (Group 03)</name><short_name>M11 DB01 G03</short_name><sort_order>94</sort_order><show_average>false</show_average><show_distribution>false</show_distribution><description text_type="text/html" is_displayed="false" /><type_id>1</type_id><is_active>true</is_active><scoring><can_exceed_weight>false</can_exceed_weight><out_of>10</out_of><is_bonus>false</is_bonus><max_grade>10</max_grade><exclude_from_final_grade_calc>false</exclude_from_final_grade_calc><is_milestone_grade>false</is_milestone_grade></scoring></item><item id="125" identifier="178347" resource_code="byui_produ-147182,byui_produ-156312,byui_produ-176498"><name>Module 11 - Discussion Board 01 (Group 04)</name><short_name>M11 DB01 G04</short_name><sort_order>95</sort_order><show_average>false</show_average><show_distribution>false</show_distribution><description text_type="text/html" is_displayed="false" /><type_id>1</type_id><is_active>true</is_active><scoring><can_exceed_weight>false</can_exceed_weight><out_of>10</out_of><is_bonus>false</is_bonus><max_grade>10</max_grade><exclude_from_final_grade_calc>false</exclude_from_final_grade_calc><is_milestone_grade>false</is_milestone_grade></scoring></item><item id="126" identifier="178348" resource_code="byui_produ-147183,byui_produ-156313,byui_produ-176499"><name>Module 11 - Discussion Board 01 (Group 05)</name><short_name>M11 DB01 G05</short_name><sort_order>96</sort_order><show_average>false</show_average><show_distribution>false</show_distribution><description text_type="text/html" is_displayed="false" /><type_id>1</type_id><is_active>true</is_active><scoring><can_exceed_weight>false</can_exceed_weight><out_of>10</out_of><is_bonus>false</is_bonus><max_grade>10</max_grade><exclude_from_final_grade_calc>false</exclude_from_final_grade_calc><is_milestone_grade>false</is_milestone_grade></scoring></item><item id="127" identifier="178349" resource_code="byui_produ-147184,byui_produ-156314,byui_produ-176500"><name>Module 11 - Discussion Board 01 (Group 06)</name><short_name>M11 DB01 G06</short_name><sort_order>97</sort_order><show_average>false</show_average><show_distribution>false</show_distribution><description text_type="text/html" is_displayed="false" /><type_id>1</type_id><is_active>true</is_active><scoring><can_exceed_weight>false</can_exceed_weight><out_of>10</out_of><is_bonus>false</is_bonus><max_grade>10</max_grade><exclude_from_final_grade_calc>false</exclude_from_final_grade_calc><is_milestone_grade>false</is_milestone_grade></scoring></item><item id="128" identifier="178350" resource_code="byui_produ-147185,byui_produ-156315,byui_produ-176501"><name>Module 11 - Discussion Board 01 (Group 07)</name><short_name>M11 DB01 G07</short_name><sort_order>98</sort_order><show_average>false</show_average><show_distribution>false</show_distribution><description text_type="text/html" is_displayed="false" /><type_id>1</type_id><is_active>true</is_active><scoring><can_exceed_weight>false</can_exceed_weight><out_of>10</out_of><is_bonus>false</is_bonus><max_grade>10</max_grade><exclude_from_final_grade_calc>false</exclude_from_final_grade_calc><is_milestone_grade>false</is_milestone_grade></scoring></item><item id="129" identifier="178351" resource_code="byui_produ-147186,byui_produ-156316,byui_produ-176502"><name>Module 11 - Discussion Board 01 (Group 08)</name><short_name>M11 DB01 G08</short_name><sort_order>99</sort_order><show_average>false</show_average><show_distribution>false</show_distribution><description text_type="text/html" is_displayed="false" /><type_id>1</type_id><is_active>true</is_active><scoring><can_exceed_weight>false</can_exceed_weight><out_of>10</out_of><is_bonus>false</is_bonus><max_grade>10</max_grade><exclude_from_final_grade_calc>false</exclude_from_final_grade_calc><is_milestone_grade>false</is_milestone_grade></scoring></item><item id="130" identifier="178352" resource_code="byui_produ-147187,byui_produ-156317,byui_produ-176503"><name>Module 11 - Discussion Board 01 (Group 09)</name><short_name>M11 DB01 G09</short_name><sort_order>100</sort_order><show_average>false</show_average><show_distribution>false</show_distribution><description text_type="text/html" is_displayed="false" /><type_id>1</type_id><is_active>true</is_active><scoring><can_exceed_weight>false</can_exceed_weight><out_of>10</out_of><is_bonus>false</is_bonus><max_grade>10</max_grade><exclude_from_final_grade_calc>false</exclude_from_final_grade_calc><is_milestone_grade>false</is_milestone_grade></scoring></item><item id="131" identifier="178353" resource_code="byui_produ-147188,byui_produ-156318,byui_produ-176504"><name>Module 11 - Discussion Board 01 (Group 10)</name><short_name>M11 DB01 G10</short_name><sort_order>101</sort_order><show_average>false</show_average><show_distribution>false</show_distribution><description text_type="text/html" is_displayed="false" /><type_id>1</type_id><is_active>true</is_active><scoring><can_exceed_weight>false</can_exceed_weight><out_of>10</out_of><is_bonus>false</is_bonus><max_grade>10</max_grade><exclude_from_final_grade_calc>false</exclude_from_final_grade_calc><is_milestone_grade>false</is_milestone_grade></scoring></item><item id="132" identifier="178354" resource_code="byui_produ-147189,byui_produ-156319"><name>Module 12 - Discussion Board 01 (Group 01)</name><short_name>M12 DB01 G01</short_name><sort_order>102</sort_order><show_average>false</show_average><show_distribution>false</show_distribution><description text_type="text/html" is_displayed="false" /><type_id>1</type_id><is_active>true</is_active><scoring><can_exceed_weight>false</can_exceed_weight><out_of>10</out_of><is_bonus>false</is_bonus><max_grade>10</max_grade><exclude_from_final_grade_calc>false</exclude_from_final_grade_calc><is_milestone_grade>false</is_milestone_grade></scoring></item><item id="133" identifier="178355" resource_code="byui_produ-147190,byui_produ-156320"><name>Module 12 - Discussion Board 01 (Group 02)</name><short_name>M12 DB01 G02</short_name><sort_order>103</sort_order><show_average>false</show_average><show_distribution>false</show_distribution><description text_type="text/html" is_displayed="false" /><type_id>1</type_id><is_active>true</is_active><scoring><can_exceed_weight>false</can_exceed_weight><out_of>10</out_of><is_bonus>false</is_bonus><max_grade>10</max_grade><exclude_from_final_grade_calc>false</exclude_from_final_grade_calc><is_milestone_grade>false</is_milestone_grade></scoring></item><item id="134" identifier="178356" resource_code="byui_produ-147191,byui_produ-156321"><name>Module 12 - Discussion Board 01 (Group 03)</name><short_name>M12 DB01 G03</short_name><sort_order>104</sort_order><show_average>false</show_average><show_distribution>false</show_distribution><description text_type="text/html" is_displayed="false" /><type_id>1</type_id><is_active>true</is_active><scoring><can_exceed_weight>false</can_exceed_weight><out_of>10</out_of><is_bonus>false</is_bonus><max_grade>10</max_grade><exclude_from_final_grade_calc>false</exclude_from_final_grade_calc><is_milestone_grade>false</is_milestone_grade></scoring></item><item id="135" identifier="178357" resource_code="byui_produ-147192,byui_produ-156322"><name>Module 12 - Discussion Board 01 (Group 04)</name><short_name>M12 DB01 G04</short_name><sort_order>105</sort_order><show_average>false</show_average><show_distribution>false</show_distribution><description text_type="text/html" is_displayed="false" /><type_id>1</type_id><is_active>true</is_active><scoring><can_exceed_weight>false</can_exceed_weight><out_of>10</out_of><is_bonus>false</is_bonus><max_grade>10</max_grade><exclude_from_final_grade_calc>false</exclude_from_final_grade_calc><is_milestone_grade>false</is_milestone_grade></scoring></item><item id="136" identifier="178358" resource_code="byui_produ-147193,byui_produ-156323"><name>Module 12 - Discussion Board 01 (Group 05)</name><short_name>M12 DB01 G05</short_name><sort_order>106</sort_order><show_average>false</show_average><show_distribution>false</show_distribution><description text_type="text/html" is_displayed="false" /><type_id>1</type_id><is_active>true</is_active><scoring><can_exceed_weight>false</can_exceed_weight><out_of>10</out_of><is_bonus>false</is_bonus><max_grade>10</max_grade><exclude_from_final_grade_calc>false</exclude_from_final_grade_calc><is_milestone_grade>false</is_milestone_grade></scoring></item><item id="137" identifier="178359" resource_code="byui_produ-147194,byui_produ-156324"><name>Module 12 - Discussion Board 01 (Group 06)</name><short_name>M12 DB01 G06</short_name><sort_order>107</sort_order><show_average>false</show_average><show_distribution>false</show_distribution><description text_type="text/html" is_displayed="false" /><type_id>1</type_id><is_active>true</is_active><scoring><can_exceed_weight>false</can_exceed_weight><out_of>10</out_of><is_bonus>false</is_bonus><max_grade>10</max_grade><exclude_from_final_grade_calc>false</exclude_from_final_grade_calc><is_milestone_grade>false</is_milestone_grade></scoring></item><item id="138" identifier="178360" resource_code="byui_produ-147195,byui_produ-156325"><name>Module 12 - Discussion Board 01 (Group 07)</name><short_name>M12 DB01 G07</short_name><sort_order>108</sort_order><show_average>false</show_average><show_distribution>false</show_distribution><description text_type="text/html" is_displayed="false" /><type_id>1</type_id><is_active>true</is_active><scoring><can_exceed_weight>false</can_exceed_weight><out_of>10</out_of><is_bonus>false</is_bonus><max_grade>10</max_grade><exclude_from_final_grade_calc>false</exclude_from_final_grade_calc><is_milestone_grade>false</is_milestone_grade></scoring></item><item id="139" identifier="178361" resource_code="byui_produ-147196,byui_produ-156326"><name>Module 12 - Discussion Board 01 (Group 08)</name><short_name>M12 DB01 G08</short_name><sort_order>109</sort_order><show_average>false</show_average><show_distribution>false</show_distribution><description text_type="text/html" is_displayed="false" /><type_id>1</type_id><is_active>true</is_active><scoring><can_exceed_weight>false</can_exceed_weight><out_of>10</out_of><is_bonus>false</is_bonus><max_grade>10</max_grade><exclude_from_final_grade_calc>false</exclude_from_final_grade_calc><is_milestone_grade>false</is_milestone_grade></scoring></item><item id="140" identifier="178362" resource_code="byui_produ-147197,byui_produ-156327"><name>Module 12 - Discussion Board 01 (Group 09)</name><short_name>M12 DB01 G08</short_name><sort_order>110</sort_order><show_average>false</show_average><show_distribution>false</show_distribution><description text_type="text/html" is_displayed="false" /><type_id>1</type_id><is_active>true</is_active><scoring><can_exceed_weight>false</can_exceed_weight><out_of>10</out_of><is_bonus>false</is_bonus><max_grade>10</max_grade><exclude_from_final_grade_calc>false</exclude_from_final_grade_calc><is_milestone_grade>false</is_milestone_grade></scoring></item><item id="141" identifier="178363" resource_code="byui_produ-147198,byui_produ-156328"><name>Module 12 - Discussion Board 01 (Group 10)</name><short_name>M12 DB01 G10</short_name><sort_order>111</sort_order><show_average>false</show_average><show_distribution>false</show_distribution><description text_type="text/html" is_displayed="false" /><type_id>1</type_id><is_active>true</is_active><scoring><can_exceed_weight>false</can_exceed_weight><out_of>10</out_of><is_bonus>false</is_bonus><max_grade>10</max_grade><exclude_from_final_grade_calc>false</exclude_from_final_grade_calc><is_milestone_grade>false</is_milestone_grade></scoring></item><item id="142" identifier="178364" resource_code="byui_produ-147199,byui_produ-156329,byui_produ-176400,byui_produ-176505"><name>Module 13 - Discussion Board 01 (Group 01)</name><short_name>M13 DB01 G01</short_name><sort_order>112</sort_order><show_average>false</show_average><show_distribution>false</show_distribution><description text_type="text/html" is_displayed="false" /><type_id>1</type_id><is_active>true</is_active><scoring><can_exceed_weight>false</can_exceed_weight><out_of>10</out_of><is_bonus>false</is_bonus><max_grade>10</max_grade><exclude_from_final_grade_calc>false</exclude_from_final_grade_calc><is_milestone_grade>false</is_milestone_grade></scoring></item><item id="143" identifier="178365" resource_code="byui_produ-147200,byui_produ-156330,byui_produ-176401,byui_produ-176506"><name>Module 13 - Discussion Board 01 (Group 02)</name><short_name>M13 DB01 G02</short_name><sort_order>113</sort_order><show_average>false</show_average><show_distribution>false</show_distribution><description text_type="text/html" is_displayed="false" /><type_id>1</type_id><is_active>true</is_active><scoring><can_exceed_weight>false</can_exceed_weight><out_of>10</out_of><is_bonus>false</is_bonus><max_grade>10</max_grade><exclude_from_final_grade_calc>false</exclude_from_final_grade_calc><is_milestone_grade>false</is_milestone_grade></scoring></item><item id="144" identifier="178366" resource_code="byui_produ-147201,byui_produ-156331,byui_produ-176402,byui_produ-176507"><name>Module 13 - Discussion Board 01 (Group 03)</name><short_name>M13 DB01 G03</short_name><sort_order>114</sort_order><show_average>false</show_average><show_distribution>false</show_distribution><description text_type="text/html" is_displayed="false" /><type_id>1</type_id><is_active>true</is_active><scoring><can_exceed_weight>false</can_exceed_weight><out_of>10</out_of><is_bonus>false</is_bonus><max_grade>10</max_grade><exclude_from_final_grade_calc>false</exclude_from_final_grade_calc><is_milestone_grade>false</is_milestone_grade></scoring></item><item id="145" identifier="178367" resource_code="byui_produ-147202,byui_produ-156332,byui_produ-176403,byui_produ-176508"><name>Module 13 - Discussion Board 01 (Group 04)</name><short_name>M13 DB01 G04</short_name><sort_order>115</sort_order><show_average>false</show_average><show_distribution>false</show_distribution><description text_type="text/html" is_displayed="false" /><type_id>1</type_id><is_active>true</is_active><scoring><can_exceed_weight>false</can_exceed_weight><out_of>10</out_of><is_bonus>false</is_bonus><max_grade>10</max_grade><exclude_from_final_grade_calc>false</exclude_from_final_grade_calc><is_milestone_grade>false</is_milestone_grade></scoring></item><item id="146" identifier="178368" resource_code="byui_produ-147203,byui_produ-156333,byui_produ-176404,byui_produ-176509"><name>Module 13 - Discussion Board 01 (Group 05)</name><short_name>M13 DB01 G05</short_name><sort_order>116</sort_order><show_average>false</show_average><show_distribution>false</show_distribution><description text_type="text/html" is_displayed="false" /><type_id>1</type_id><is_active>true</is_active><scoring><can_exceed_weight>false</can_exceed_weight><out_of>10</out_of><is_bonus>false</is_bonus><max_grade>10</max_grade><exclude_from_final_grade_calc>false</exclude_from_final_grade_calc><is_milestone_grade>false</is_milestone_grade></scoring></item><item id="147" identifier="178369" resource_code="byui_produ-147204,byui_produ-156334,byui_produ-176405,byui_produ-176510"><name>Module 13 - Discussion Board 01 (Group 06)</name><short_name>M13 DB01 G06</short_name><sort_order>117</sort_order><show_average>false</show_average><show_distribution>false</show_distribution><description text_type="text/html" is_displayed="false" /><type_id>1</type_id><is_active>true</is_active><scoring><can_exceed_weight>false</can_exceed_weight><out_of>10</out_of><is_bonus>false</is_bonus><max_grade>10</max_grade><exclude_from_final_grade_calc>false</exclude_from_final_grade_calc><is_milestone_grade>false</is_milestone_grade></scoring></item><item id="148" identifier="178370" resource_code="byui_produ-147205,byui_produ-156335,byui_produ-176406,byui_produ-176511"><name>Module 13 - Discussion Board 01 (Group 07)</name><short_name>M13 DB01 G07</short_name><sort_order>118</sort_order><show_average>false</show_average><show_distribution>false</show_distribution><description text_type="text/html" is_displayed="false" /><type_id>1</type_id><is_active>true</is_active><scoring><can_exceed_weight>false</can_exceed_weight><out_of>10</out_of><is_bonus>false</is_bonus><max_grade>10</max_grade><exclude_from_final_grade_calc>false</exclude_from_final_grade_calc><is_milestone_grade>false</is_milestone_grade></scoring></item><item id="149" identifier="178371" resource_code="byui_produ-147206,byui_produ-156336,byui_produ-176407,byui_produ-176512"><name>Module 13 - Discussion Board 01 (Group 08)</name><short_name>M13 DB01 G08</short_name><sort_order>119</sort_order><show_average>false</show_average><show_distribution>false</show_distribution><description text_type="text/html" is_displayed="false" /><type_id>1</type_id><is_active>true</is_active><scoring><can_exceed_weight>false</can_exceed_weight><out_of>10</out_of><is_bonus>false</is_bonus><max_grade>10</max_grade><exclude_from_final_grade_calc>false</exclude_from_final_grade_calc><is_milestone_grade>false</is_milestone_grade></scoring></item><item id="150" identifier="178372" resource_code="byui_produ-147207,byui_produ-156337,byui_produ-176408,byui_produ-176513"><name>Module 13 - Discussion Board 01 (Group 09)</name><short_name>M13 DB01 G09</short_name><sort_order>120</sort_order><show_average>false</show_average><show_distribution>false</show_distribution><description text_type="text/html" is_displayed="false" /><type_id>1</type_id><is_active>true</is_active><scoring><can_exceed_weight>false</can_exceed_weight><out_of>10</out_of><is_bonus>false</is_bonus><max_grade>10</max_grade><exclude_from_final_grade_calc>false</exclude_from_final_grade_calc><is_milestone_grade>false</is_milestone_grade></scoring></item><item id="151" identifier="178373" resource_code="byui_produ-147208,byui_produ-156338,byui_produ-176409,byui_produ-176514"><name>Module 13 - Discussion Board 01 (Group 10)</name><short_name>M13 DB01 G10</short_name><sort_order>121</sort_order><show_average>false</show_average><show_distribution>false</show_distribution><description text_type="text/html" is_displayed="false" /><type_id>1</type_id><is_active>true</is_active><scoring><can_exceed_weight>false</can_exceed_weight><out_of>10</out_of><is_bonus>false</is_bonus><max_grade>10</max_grade><exclude_from_final_grade_calc>false</exclude_from_final_grade_calc><is_milestone_grade>false</is_milestone_grade></scoring></item></items></grades>