﻿<?xml version="1.0" encoding="UTF-8"?>
<manifest identifier="D2L_55363" xmlns:d2l_2p0="http://desire2learn.com/xsd/d2lcp_v2p0" xmlns:scorm_1p2="http://www.adlnet.org/xsd/adlcp_rootv1p2" xmlns="http://www.imsglobal.org/xsd/imscp_v1p1">
    <organizations default="d2l_orgs">
        <organization identifier="d2l_org">
            <item identifier="2603006" identifierref="RES_CONTENT_2603006" d2l_2p0:id="1" description="" completion_type="2">
                <title>The Place of Supreme Awesomeness</title>
                <item identifier="2603008" identifierref="RES_CONTENT_2603008" d2l_2p0:id="2" description="" completion_type="2" resource_type_key="">
                    <title>Super place of indirect Awesomeness!</title>
                </item>
                <item identifier="2603009" identifierref="RES_CONTENT_2603009" d2l_2p0:id="3" description="" completion_type="2" resource_type_key="">
                    <title>The Super Awesome Test File of Awesomeness</title>
                </item>
                <item identifier="2603016" identifierref="RES_CONTENT_2603016" d2l_2p0:id="4" description="" completion_type="2">
                    <title>The Place of Lesser, Yet Still Exceedingly Great, Awesomeness</title>
                    <item identifier="2603018" identifierref="RES_CONTENT_2603018" d2l_2p0:id="5" description="" completion_type="2" resource_type_key="">
                        <title>The Lesser Test File of Exceedingly Great Awesomeness</title>
                    </item>
                </item>
            </item>
        </organization>
    </organizations>
    <resources>
        <resource identifier="RES_CONTENT_2603006" type="webcontent" d2l_2p0:material_type="contentmodule" d2l_2p0:link_target="" href="" title="" />
        <resource identifier="RES_CONTENT_2603008" type="webcontent" d2l_2p0:material_type="content" d2l_2p0:link_target="" href="Course Files\Super place of indirect Awesomeness!.html" title="" />
        <resource identifier="RES_CONTENT_2603009" type="webcontent" d2l_2p0:material_type="content" d2l_2p0:link_target="" href="Course Files\The Super Awesome Test File of Awesomeness.html" title="" />
        <resource identifier="RES_CONTENT_2603016" type="webcontent" d2l_2p0:material_type="contentmodule" d2l_2p0:link_target="" href="" title="" />
        <resource identifier="RES_CONTENT_2603018" type="webcontent" d2l_2p0:material_type="content" d2l_2p0:link_target="" href="The Lesser Test File of Exceedingly Great Awesomeness.html" title="" />
        <resource identifier="res_syllabus" type="webcontent" d2l_2p0:material_type="d2lsyllabus" d2l_2p0:link_target="" href="syllabus_d2l.xml" title="" />
        <resource identifier="res_quiz_368590" type="webcontent" d2l_2p0:material_type="d2lquiz" d2l_2p0:link_target="" href="quiz_d2l_368590.xml" title="Eric's Super Awesome Quiz of Awesomeness" />
        <resource identifier="res_quiz_370617" type="webcontent" d2l_2p0:material_type="d2lquiz" d2l_2p0:link_target="" href="quiz_d2l_370617.xml" title="Mid-Course Evaluation" />
        <resource identifier="res_quiz_370622" type="webcontent" d2l_2p0:material_type="d2lquiz" d2l_2p0:link_target="" href="quiz_d2l_370622.xml" title="Copy of Mid-Course Evaluation" />
        <resource identifier="res_quiz_370626" type="webcontent" d2l_2p0:material_type="d2lquiz" d2l_2p0:link_target="" href="quiz_d2l_370626.xml" title="Simulation Quiz" />
        <resource identifier="res_quiz_370635" type="webcontent" d2l_2p0:material_type="d2lquiz" d2l_2p0:link_target="" href="quiz_d2l_370635.xml" title="L01: Weekly Report" />
        <resource identifier="res_quiz_370636" type="webcontent" d2l_2p0:material_type="d2lquiz" d2l_2p0:link_target="" href="quiz_d2l_370636.xml" title="L02: Weekly Report" />
        <resource identifier="res_quiz_370637" type="webcontent" d2l_2p0:material_type="d2lquiz" d2l_2p0:link_target="" href="quiz_d2l_370637.xml" title="L03: Weekly Report" />
        <resource identifier="res_quiz_370638" type="webcontent" d2l_2p0:material_type="d2lquiz" d2l_2p0:link_target="" href="quiz_d2l_370638.xml" title="L04: Weekly Report" />
        <resource identifier="res_quiz_370639" type="webcontent" d2l_2p0:material_type="d2lquiz" d2l_2p0:link_target="" href="quiz_d2l_370639.xml" title="L05: Weekly Report" />
        <resource identifier="res_quiz_370640" type="webcontent" d2l_2p0:material_type="d2lquiz" d2l_2p0:link_target="" href="quiz_d2l_370640.xml" title="L06: Weekly Report" />
        <resource identifier="res_quiz_370641" type="webcontent" d2l_2p0:material_type="d2lquiz" d2l_2p0:link_target="" href="quiz_d2l_370641.xml" title="L07: Weekly Report" />
        <resource identifier="res_quiz_370642" type="webcontent" d2l_2p0:material_type="d2lquiz" d2l_2p0:link_target="" href="quiz_d2l_370642.xml" title="L08: Weekly Report" />
        <resource identifier="res_quiz_370643" type="webcontent" d2l_2p0:material_type="d2lquiz" d2l_2p0:link_target="" href="quiz_d2l_370643.xml" title="L09: Weekly Report" />
        <resource identifier="res_quiz_370644" type="webcontent" d2l_2p0:material_type="d2lquiz" d2l_2p0:link_target="" href="quiz_d2l_370644.xml" title="L10: Weekly Report" />
        <resource identifier="res_quiz_370645" type="webcontent" d2l_2p0:material_type="d2lquiz" d2l_2p0:link_target="" href="quiz_d2l_370645.xml" title="L11: Weekly Report" />
        <resource identifier="res_quiz_370646" type="webcontent" d2l_2p0:material_type="d2lquiz" d2l_2p0:link_target="" href="quiz_d2l_370646.xml" title="L12: Weekly Report" />
        <resource identifier="res_quiz_370647" type="webcontent" d2l_2p0:material_type="d2lquiz" d2l_2p0:link_target="" href="quiz_d2l_370647.xml" title="L13: Weekly Report" />
        <resource identifier="res_quiz_370648" type="webcontent" d2l_2p0:material_type="d2lquiz" d2l_2p0:link_target="" href="quiz_d2l_370648.xml" title="L14: Weekly Report" />
        <resource identifier="res_quiz_370633" type="webcontent" d2l_2p0:material_type="d2lquiz" d2l_2p0:link_target="" href="quiz_d2l_370633.xml" title="Syllabus Quiz" />
        <resource identifier="res_quiz_370634" type="webcontent" d2l_2p0:material_type="d2lquiz" d2l_2p0:link_target="" href="quiz_d2l_370634.xml" title="Course Etiquette Quiz" />
        <resource identifier="res_discuss_1" type="webcontent" d2l_2p0:material_type="d2ldiscussion" d2l_2p0:link_target="" href="discussion_d2l_1.xml" title="" />
        <resource identifier="res_dropbox" type="webcontent" d2l_2p0:material_type="d2ldropbox" d2l_2p0:link_target="" href="dropbox_d2l.xml" title="" />
        <resource identifier="res_chklist" type="webcontent" d2l_2p0:material_type="d2lchecklist" d2l_2p0:link_target="" href="checklist_d2l.xml" title="" />
        <resource identifier="res_grades" type="webcontent" d2l_2p0:material_type="d2lgrades" d2l_2p0:link_target="" href="grades_d2l.xml" title="" />
        <resource identifier="res_rubrics" type="webcontent" d2l_2p0:material_type="d2lrubrics" d2l_2p0:link_target="" href="rubrics_d2l.xml" title="" />
    </resources>
</manifest>