﻿<?xml version="1.0" encoding="UTF-8"?><questestinterop xmlns:d2l_2p0="http://desire2learn.com/xsd/d2lcp_v2p0"><assessment d2l_2p0:id="16" title="L07: Weekly Report" ident="res_quiz_370641" d2l_2p0:resource_code="byui_produ-336362"><rubric><flow_mat><material><mattext d2l_2p0:isdisplayed="no" texttype="text/html" /></material></flow_mat></rubric><assessmentcontrol hintswitch="no" solutionswitch="yes" feedbackswitch="no" /><presentation_material><flow_mat><material label="page header"><mattext d2l_2p0:isdisplayed="no" texttype="text/html" /></material><material label="page footer"><mattext d2l_2p0:isdisplayed="no" texttype="text/html" /></material></flow_mat></presentation_material><assess_procextension><d2l_2p0:intro_message d2l_2p0:isdisplayed="no" texttype="text/html" /><category ident="67673" d2l_2p0:sortorder="1">Weekly Reports</category><d2l_2p0:disable_right_click>yes</d2l_2p0:disable_right_click><d2l_2p0:disable_pager_access>yes</d2l_2p0:disable_pager_access><is_active>yes</is_active><d2l_2p0:date_start><d2l_2p0:timestamp><d2l_2p0:month>10</d2l_2p0:month><d2l_2p0:day>27</d2l_2p0:day><d2l_2p0:year>2016</d2l_2p0:year><d2l_2p0:hour>23</d2l_2p0:hour><d2l_2p0:minutes>0</d2l_2p0:minutes><d2l_2p0:seconds>0</d2l_2p0:seconds></d2l_2p0:timestamp></d2l_2p0:date_start><d2l_2p0:date_end><d2l_2p0:timestamp><d2l_2p0:month>10</d2l_2p0:month><d2l_2p0:day>31</d2l_2p0:day><d2l_2p0:year>2016</d2l_2p0:year><d2l_2p0:hour>8</d2l_2p0:hour><d2l_2p0:minutes>0</d2l_2p0:minutes><d2l_2p0:seconds>0</d2l_2p0:seconds></d2l_2p0:timestamp></d2l_2p0:date_end><d2l_2p0:has_schedule_event>yes</d2l_2p0:has_schedule_event><d2l_2p0:is_attempt_Rldb>no</d2l_2p0:is_attempt_Rldb><d2l_2p0:is_subview_Rldb>no</d2l_2p0:is_subview_Rldb><d2l_2p0:time_limit>120</d2l_2p0:time_limit><d2l_2p0:show_clock>no</d2l_2p0:show_clock><d2l_2p0:enforce_time_limit>no</d2l_2p0:enforce_time_limit><d2l_2p0:grace_period>5</d2l_2p0:grace_period><d2l_2p0:late_limit>0</d2l_2p0:late_limit><d2l_2p0:attempts_allowed>1</d2l_2p0:attempts_allowed><d2l_2p0:attempt_restrictions /><d2l_2p0:mark_calculation_type>1</d2l_2p0:mark_calculation_type><d2l_2p0:is_forward_only>no</d2l_2p0:is_forward_only></assess_procextension><assessfeedback title=""><rubric><flow_mat><material><mattext texttype="yes">Your quiz has been submitted successfully.</mattext></material></flow_mat></rubric><d2l_2p0:duration>0</d2l_2p0:duration><d2l_2p0:response_display_type_id>1</d2l_2p0:response_display_type_id><d2l_2p0:show_correct_answers>no</d2l_2p0:show_correct_answers><d2l_2p0:submission_restrictip>no</d2l_2p0:submission_restrictip><d2l_2p0:show_class_average>no</d2l_2p0:show_class_average><d2l_2p0:show_score_distribution>no</d2l_2p0:show_score_distribution></assessfeedback><assessfeedback title="Feedback View"><rubric><flow_mat><material><mattext texttype="yes" /></material></flow_mat></rubric><release_date><d2l_2p0:timestamp><d2l_2p0:month>10</d2l_2p0:month><d2l_2p0:day>31</d2l_2p0:day><d2l_2p0:year>2016</d2l_2p0:year><d2l_2p0:hour>8</d2l_2p0:hour><d2l_2p0:minutes>0</d2l_2p0:minutes><d2l_2p0:seconds>0</d2l_2p0:seconds></d2l_2p0:timestamp></release_date><d2l_2p0:duration>0</d2l_2p0:duration><d2l_2p0:response_display_type_id>2</d2l_2p0:response_display_type_id><d2l_2p0:show_correct_answers>no</d2l_2p0:show_correct_answers><d2l_2p0:submission_restrictip>no</d2l_2p0:submission_restrictip><d2l_2p0:show_class_average>no</d2l_2p0:show_class_average><d2l_2p0:show_score_distribution>no</d2l_2p0:show_score_distribution></assessfeedback><section ident="CONTAINER_SECTION"><item ident="OBJ_7115896" label="QUES_1383695_1532994" d2l_2p0:page="1" title="Learning Goal Focus"><itemmetadata><qtimetadata><qti_metadatafield><fieldlabel>qmd_computerscored</fieldlabel><fieldentry>yes</fieldentry></qti_metadatafield><qti_metadatafield><fieldlabel>qmd_questiontype</fieldlabel><fieldentry>Text Information</fieldentry></qti_metadatafield><qti_metadatafield><fieldlabel>qmd_globalid</fieldlabel><fieldentry>78ea1f25-d67a-468d-adeb-63435c759cc7</fieldentry></qti_metadatafield><qti_metadatafield><fieldlabel>qmd_displayid</fieldlabel><fieldentry>Online.Reference.FDREL225-336</fieldentry></qti_metadatafield></qtimetadata></itemmetadata><presentation><flow><material><mattext texttype="text/html">&lt;h2&gt;Learning Goal Focus&lt;/h2&gt;</mattext></material></flow></presentation></item><item ident="OBJ_7115897" label="QUES_1383696_1532995" d2l_2p0:page="1"><itemmetadata><qtimetadata><qti_metadatafield><fieldlabel>qmd_computerscored</fieldlabel><fieldentry>yes</fieldentry></qti_metadatafield><qti_metadatafield><fieldlabel>qmd_questiontype</fieldlabel><fieldentry>Short Answer</fieldentry></qti_metadatafield><qti_metadatafield><fieldlabel>qmd_weighting</fieldlabel><fieldentry>1.000000000</fieldentry></qti_metadatafield><qti_metadatafield><fieldlabel>qmd_globalid</fieldlabel><fieldentry>837d99a7-52e2-410a-9d93-47a327a51b25</fieldentry></qti_metadatafield><qti_metadatafield><fieldlabel>qmd_displayid</fieldlabel><fieldentry>Online.Reference.FDREL225-337</fieldentry></qti_metadatafield></qtimetadata></itemmetadata><itemproc_extension><d2l_2p0:difficulty>3</d2l_2p0:difficulty><d2l_2p0:isbonus>no</d2l_2p0:isbonus><d2l_2p0:ismandatory>no</d2l_2p0:ismandatory></itemproc_extension><presentation><flow><material><mattext texttype="text/html">&lt;p&gt;&lt;span&gt;What did you do to focus on the chosen Course Outcome this week?&lt;/span&gt;&lt;/p&gt;</mattext></material><response_str ident="QUES_1383696_1532995_A5075172_STR" rcardinality="Single"><render_fib rows="3" columns="60" prompt="Box" fibtype="String"><response_label ident="QUES_1383696_1532995_A5075172_ANS" /></render_fib></response_str></flow></presentation><resprocessing><outcomes><decvar vartype="Integer" minvalue="0" maxvalue="100" varname="Blank_1" /></outcomes><respcondition><conditionvar><varequal respident="QUES_1383696_1532995_A5075172_ANS" case="no">(?:\w+(?:\W+|$)){5}</varequal><var_extension><d2l_2p0:answer_is_regexp>yes</d2l_2p0:answer_is_regexp></var_extension></conditionvar><setvar action="Set">100.000000000</setvar></respcondition></resprocessing></item><item ident="OBJ_7115898" label="QUES_1383697_1532996" d2l_2p0:page="1" title="Key Preparation Materials"><itemmetadata><qtimetadata><qti_metadatafield><fieldlabel>qmd_computerscored</fieldlabel><fieldentry>yes</fieldentry></qti_metadatafield><qti_metadatafield><fieldlabel>qmd_questiontype</fieldlabel><fieldentry>Text Information</fieldentry></qti_metadatafield><qti_metadatafield><fieldlabel>qmd_globalid</fieldlabel><fieldentry>ce4a3de0-6fdf-4621-9055-60f328bca49b</fieldentry></qti_metadatafield><qti_metadatafield><fieldlabel>qmd_displayid</fieldlabel><fieldentry>Online.Reference.FDREL225-339</fieldentry></qti_metadatafield></qtimetadata></itemmetadata><presentation><flow><material><mattext texttype="text/html">&lt;h2&gt;&lt;span&gt;Key Preparation Materials&lt;/span&gt;&lt;/h2&gt;</mattext></material></flow></presentation></item><item ident="OBJ_7115899" label="QUES_1383698_1532997" d2l_2p0:page="1"><itemmetadata><qtimetadata><qti_metadatafield><fieldlabel>qmd_computerscored</fieldlabel><fieldentry>yes</fieldentry></qti_metadatafield><qti_metadatafield><fieldlabel>qmd_questiontype</fieldlabel><fieldentry>Multiple Choice</fieldentry></qti_metadatafield><qti_metadatafield><fieldlabel>qmd_weighting</fieldlabel><fieldentry>20.000000000</fieldentry></qti_metadatafield><qti_metadatafield><fieldlabel>qmd_globalid</fieldlabel><fieldentry>5dfe63bf-df37-4dc9-bcd4-6f33428df343</fieldentry></qti_metadatafield><qti_metadatafield><fieldlabel>qmd_displayid</fieldlabel><fieldentry>Online.Reference.FDREL225-340</fieldentry></qti_metadatafield></qtimetadata></itemmetadata><itemproc_extension><d2l_2p0:difficulty>3</d2l_2p0:difficulty><d2l_2p0:isbonus>no</d2l_2p0:isbonus><d2l_2p0:ismandatory>no</d2l_2p0:ismandatory></itemproc_extension><presentation><flow><material><mattext texttype="text/html">&lt;p&gt;&lt;span&gt;Did you complete the Key Preparation Materials 1 and use what you learned to participate in the other activities this week?&amp;nbsp;&lt;/span&gt;&lt;/p&gt;</mattext></material><response_extension><d2l_2p0:display_style>2</d2l_2p0:display_style><d2l_2p0:enumeration>6</d2l_2p0:enumeration><d2l_2p0:grading_type>0</d2l_2p0:grading_type></response_extension><response_lid ident="QUES_1383698_1532997_LID" rcardinality="Single"><render_choice shuffle="no"><flow_label class="Block"><response_label ident="QUES_1383698_1532997_A5075174"><flow_mat><material><mattext texttype="text/html">&lt;p&gt;Yes&lt;/p&gt;</mattext></material></flow_mat></response_label></flow_label><flow_label class="Block"><response_label ident="QUES_1383698_1532997_A5075175"><flow_mat><material><mattext texttype="text/html">&lt;p&gt;Partially&lt;/p&gt;</mattext></material></flow_mat></response_label></flow_label><flow_label class="Block"><response_label ident="QUES_1383698_1532997_A5075176"><flow_mat><material><mattext texttype="text/html">&lt;p&gt;No&lt;/p&gt;</mattext></material></flow_mat></response_label></flow_label></render_choice></response_lid></flow></presentation><resprocessing><respcondition title="Response Condition 1"><conditionvar><varequal respident="QUES_1383698_1532997_LID">QUES_1383698_1532997_A5075174</varequal></conditionvar><setvar action="Set">100.000000000</setvar><displayfeedback feedbacktype="Response" linkrefid="QUES_1383698_1532997_IF5075174" /></respcondition><respcondition title="Response Condition 2"><conditionvar><varequal respident="QUES_1383698_1532997_LID">QUES_1383698_1532997_A5075175</varequal></conditionvar><setvar action="Set">50.000000000</setvar><displayfeedback feedbacktype="Response" linkrefid="QUES_1383698_1532997_IF5075175" /></respcondition><respcondition title="Response Condition 3"><conditionvar><varequal respident="QUES_1383698_1532997_LID">QUES_1383698_1532997_A5075176</varequal></conditionvar><setvar action="Set">0.000000000</setvar><displayfeedback feedbacktype="Response" linkrefid="QUES_1383698_1532997_IF5075176" /></respcondition></resprocessing><itemfeedback ident="QUES_1383698_1532997_IF5075174"><material><mattext texttype="text/plain" /></material></itemfeedback><itemfeedback ident="QUES_1383698_1532997_IF5075175"><material><mattext texttype="text/plain" /></material></itemfeedback><itemfeedback ident="QUES_1383698_1532997_IF5075176"><material><mattext texttype="text/plain" /></material></itemfeedback></item><item ident="OBJ_7115900" label="QUES_1383699_1532998" d2l_2p0:page="1"><itemmetadata><qtimetadata><qti_metadatafield><fieldlabel>qmd_computerscored</fieldlabel><fieldentry>yes</fieldentry></qti_metadatafield><qti_metadatafield><fieldlabel>qmd_questiontype</fieldlabel><fieldentry>Multiple Choice</fieldentry></qti_metadatafield><qti_metadatafield><fieldlabel>qmd_weighting</fieldlabel><fieldentry>20.000000000</fieldentry></qti_metadatafield><qti_metadatafield><fieldlabel>qmd_globalid</fieldlabel><fieldentry>503e66da-e7ca-4cc7-aa94-857b71083042</fieldentry></qti_metadatafield><qti_metadatafield><fieldlabel>qmd_displayid</fieldlabel><fieldentry>Online.Reference.FDREL225-341</fieldentry></qti_metadatafield></qtimetadata></itemmetadata><itemproc_extension><d2l_2p0:difficulty>3</d2l_2p0:difficulty><d2l_2p0:isbonus>no</d2l_2p0:isbonus><d2l_2p0:ismandatory>no</d2l_2p0:ismandatory></itemproc_extension><presentation><flow><material><mattext texttype="text/html">&lt;p&gt;&lt;span&gt;Did you complete the Key Preparation Materials 2 and use what you learned to participate in the other activities this week?&amp;nbsp;&lt;/span&gt;&lt;/p&gt;</mattext></material><response_extension><d2l_2p0:display_style>2</d2l_2p0:display_style><d2l_2p0:enumeration>6</d2l_2p0:enumeration><d2l_2p0:grading_type>0</d2l_2p0:grading_type></response_extension><response_lid ident="QUES_1383699_1532998_LID" rcardinality="Single"><render_choice shuffle="no"><flow_label class="Block"><response_label ident="QUES_1383699_1532998_A5075177"><flow_mat><material><mattext texttype="text/html">&lt;p&gt;Yes&lt;/p&gt;</mattext></material></flow_mat></response_label></flow_label><flow_label class="Block"><response_label ident="QUES_1383699_1532998_A5075178"><flow_mat><material><mattext texttype="text/html">&lt;p&gt;&lt;span&gt;Partially&lt;/span&gt;&lt;/p&gt;</mattext></material></flow_mat></response_label></flow_label><flow_label class="Block"><response_label ident="QUES_1383699_1532998_A5075179"><flow_mat><material><mattext texttype="text/html">&lt;p&gt;No&lt;/p&gt;</mattext></material></flow_mat></response_label></flow_label></render_choice></response_lid></flow></presentation><resprocessing><respcondition title="Response Condition 1"><conditionvar><varequal respident="QUES_1383699_1532998_LID">QUES_1383699_1532998_A5075177</varequal></conditionvar><setvar action="Set">100.000000000</setvar><displayfeedback feedbacktype="Response" linkrefid="QUES_1383699_1532998_IF5075177" /></respcondition><respcondition title="Response Condition 2"><conditionvar><varequal respident="QUES_1383699_1532998_LID">QUES_1383699_1532998_A5075178</varequal></conditionvar><setvar action="Set">50.000000000</setvar><displayfeedback feedbacktype="Response" linkrefid="QUES_1383699_1532998_IF5075178" /></respcondition><respcondition title="Response Condition 3"><conditionvar><varequal respident="QUES_1383699_1532998_LID">QUES_1383699_1532998_A5075179</varequal></conditionvar><setvar action="Set">0.000000000</setvar><displayfeedback feedbacktype="Response" linkrefid="QUES_1383699_1532998_IF5075179" /></respcondition></resprocessing><itemfeedback ident="QUES_1383699_1532998_IF5075177"><material><mattext texttype="text/plain" /></material></itemfeedback><itemfeedback ident="QUES_1383699_1532998_IF5075178"><material><mattext texttype="text/plain" /></material></itemfeedback><itemfeedback ident="QUES_1383699_1532998_IF5075179"><material><mattext texttype="text/plain" /></material></itemfeedback></item><item ident="OBJ_7115901" label="QUES_1383700_1532999" d2l_2p0:page="1" title="Sharing Insights on the CPT Board"><itemmetadata><qtimetadata><qti_metadatafield><fieldlabel>qmd_computerscored</fieldlabel><fieldentry>yes</fieldentry></qti_metadatafield><qti_metadatafield><fieldlabel>qmd_questiontype</fieldlabel><fieldentry>Text Information</fieldentry></qti_metadatafield><qti_metadatafield><fieldlabel>qmd_globalid</fieldlabel><fieldentry>239313aa-7dfb-437f-9f0e-3f936366cef7</fieldentry></qti_metadatafield><qti_metadatafield><fieldlabel>qmd_displayid</fieldlabel><fieldentry>Online.Reference.FDREL225-247</fieldentry></qti_metadatafield></qtimetadata></itemmetadata><presentation><flow><material><mattext texttype="text/html">&lt;h2&gt;Sharing Insights on the CPT Board&lt;/h2&gt;</mattext></material></flow></presentation></item><item ident="OBJ_7115902" label="QUES_1383701_1533000" d2l_2p0:page="1"><itemmetadata><qtimetadata><qti_metadatafield><fieldlabel>qmd_computerscored</fieldlabel><fieldentry>yes</fieldentry></qti_metadatafield><qti_metadatafield><fieldlabel>qmd_questiontype</fieldlabel><fieldentry>True/False</fieldentry></qti_metadatafield><qti_metadatafield><fieldlabel>qmd_weighting</fieldlabel><fieldentry>1.000000000</fieldentry></qti_metadatafield><qti_metadatafield><fieldlabel>qmd_globalid</fieldlabel><fieldentry>bfc11f28-7c42-47ed-9bb4-221aad67db2a</fieldentry></qti_metadatafield><qti_metadatafield><fieldlabel>qmd_displayid</fieldlabel><fieldentry>Online.Reference.FDREL225-67</fieldentry></qti_metadatafield></qtimetadata></itemmetadata><itemproc_extension><d2l_2p0:difficulty>3</d2l_2p0:difficulty><d2l_2p0:isbonus>no</d2l_2p0:isbonus><d2l_2p0:ismandatory>no</d2l_2p0:ismandatory></itemproc_extension><presentation><flow><material><mattext texttype="text/html">&lt;p&gt;&lt;span&gt;Are you seeking to learn from your classmates' comments on the Sharing Insights DB?&lt;/span&gt;&lt;/p&gt;</mattext></material><response_extension><d2l_2p0:display_style>2</d2l_2p0:display_style><d2l_2p0:enumeration>6</d2l_2p0:enumeration><d2l_2p0:grading_type>0</d2l_2p0:grading_type></response_extension><response_lid ident="QUES_1383701_1533000_LID" rcardinality="Single"><render_choice shuffle="no"><flow_label class="Block"><response_label ident="QUES_1383701_1533000_A5075181"><flow_mat><material><mattext texttype="text/plain">True</mattext></material></flow_mat></response_label></flow_label><flow_label class="Block"><response_label ident="QUES_1383701_1533000_A5075182"><flow_mat><material><mattext texttype="text/plain">False</mattext></material></flow_mat></response_label></flow_label></render_choice></response_lid></flow></presentation><resprocessing><respcondition title="Response Condition 1"><conditionvar><varequal respident="QUES_1383701_1533000_LID">QUES_1383701_1533000_A5075181</varequal></conditionvar><setvar action="Set">100.000000000</setvar><displayfeedback feedbacktype="Response" linkrefid="QUES_1383701_1533000_IF5075181" /></respcondition><respcondition title="Response Condition 2"><conditionvar><varequal respident="QUES_1383701_1533000_LID">QUES_1383701_1533000_A5075182</varequal></conditionvar><setvar action="Set">0.000000000</setvar><displayfeedback feedbacktype="Response" linkrefid="QUES_1383701_1533000_IF5075182" /></respcondition></resprocessing><itemfeedback ident="QUES_1383701_1533000_IF5075181"><material><mattext texttype="text/plain" /></material></itemfeedback><itemfeedback ident="QUES_1383701_1533000_IF5075182"><material><mattext texttype="text/plain" /></material></itemfeedback></item><item ident="OBJ_7115903" label="QUES_1383702_1533001" d2l_2p0:page="1"><itemmetadata><qtimetadata><qti_metadatafield><fieldlabel>qmd_computerscored</fieldlabel><fieldentry>yes</fieldentry></qti_metadatafield><qti_metadatafield><fieldlabel>qmd_questiontype</fieldlabel><fieldentry>True/False</fieldentry></qti_metadatafield><qti_metadatafield><fieldlabel>qmd_weighting</fieldlabel><fieldentry>2.000000000</fieldentry></qti_metadatafield><qti_metadatafield><fieldlabel>qmd_globalid</fieldlabel><fieldentry>93bf3556-dd9a-49d9-9bcb-b61ab3f13f73</fieldentry></qti_metadatafield><qti_metadatafield><fieldlabel>qmd_displayid</fieldlabel><fieldentry>Online.Reference.FDREL225-68</fieldentry></qti_metadatafield></qtimetadata></itemmetadata><itemproc_extension><d2l_2p0:difficulty>3</d2l_2p0:difficulty><d2l_2p0:isbonus>no</d2l_2p0:isbonus><d2l_2p0:ismandatory>no</d2l_2p0:ismandatory></itemproc_extension><presentation><flow><material><mattext texttype="text/html">&lt;p&gt;&lt;span&gt;Are you posting sincerely and on time on the Sharing Insights DB?&lt;/span&gt;&lt;/p&gt;</mattext></material><response_extension><d2l_2p0:display_style>2</d2l_2p0:display_style><d2l_2p0:enumeration>6</d2l_2p0:enumeration><d2l_2p0:grading_type>0</d2l_2p0:grading_type></response_extension><response_lid ident="QUES_1383702_1533001_LID" rcardinality="Single"><render_choice shuffle="no"><flow_label class="Block"><response_label ident="QUES_1383702_1533001_A5075183"><flow_mat><material><mattext texttype="text/plain">True</mattext></material></flow_mat></response_label></flow_label><flow_label class="Block"><response_label ident="QUES_1383702_1533001_A5075184"><flow_mat><material><mattext texttype="text/plain">False</mattext></material></flow_mat></response_label></flow_label></render_choice></response_lid></flow></presentation><resprocessing><respcondition title="Response Condition 1"><conditionvar><varequal respident="QUES_1383702_1533001_LID">QUES_1383702_1533001_A5075183</varequal></conditionvar><setvar action="Set">100.000000000</setvar><displayfeedback feedbacktype="Response" linkrefid="QUES_1383702_1533001_IF5075183" /></respcondition><respcondition title="Response Condition 2"><conditionvar><varequal respident="QUES_1383702_1533001_LID">QUES_1383702_1533001_A5075184</varequal></conditionvar><setvar action="Set">0.000000000</setvar><displayfeedback feedbacktype="Response" linkrefid="QUES_1383702_1533001_IF5075184" /></respcondition></resprocessing><itemfeedback ident="QUES_1383702_1533001_IF5075183"><material><mattext texttype="text/plain" /></material></itemfeedback><itemfeedback ident="QUES_1383702_1533001_IF5075184"><material><mattext texttype="text/plain" /></material></itemfeedback></item><item ident="OBJ_7115904" label="QUES_1383703_1533002" d2l_2p0:page="1"><itemmetadata><qtimetadata><qti_metadatafield><fieldlabel>qmd_computerscored</fieldlabel><fieldentry>yes</fieldentry></qti_metadatafield><qti_metadatafield><fieldlabel>qmd_questiontype</fieldlabel><fieldentry>True/False</fieldentry></qti_metadatafield><qti_metadatafield><fieldlabel>qmd_weighting</fieldlabel><fieldentry>2.000000000</fieldentry></qti_metadatafield><qti_metadatafield><fieldlabel>qmd_globalid</fieldlabel><fieldentry>bb7ebe87-02fc-498a-94a2-480b87a551ed</fieldentry></qti_metadatafield><qti_metadatafield><fieldlabel>qmd_displayid</fieldlabel><fieldentry>Online.Reference.FDREL225-69</fieldentry></qti_metadatafield></qtimetadata></itemmetadata><itemproc_extension><d2l_2p0:difficulty>3</d2l_2p0:difficulty><d2l_2p0:isbonus>no</d2l_2p0:isbonus><d2l_2p0:ismandatory>no</d2l_2p0:ismandatory></itemproc_extension><presentation><flow><material><mattext texttype="text/html">&lt;p&gt;&lt;span&gt;Are you trying to help your classmates improve their ideas and understanding on the Sharing Insights DB?&lt;/span&gt;&lt;/p&gt;</mattext></material><response_extension><d2l_2p0:display_style>2</d2l_2p0:display_style><d2l_2p0:enumeration>6</d2l_2p0:enumeration><d2l_2p0:grading_type>0</d2l_2p0:grading_type></response_extension><response_lid ident="QUES_1383703_1533002_LID" rcardinality="Single"><render_choice shuffle="no"><flow_label class="Block"><response_label ident="QUES_1383703_1533002_A5075185"><flow_mat><material><mattext texttype="text/plain">True</mattext></material></flow_mat></response_label></flow_label><flow_label class="Block"><response_label ident="QUES_1383703_1533002_A5075186"><flow_mat><material><mattext texttype="text/plain">False</mattext></material></flow_mat></response_label></flow_label></render_choice></response_lid></flow></presentation><resprocessing><respcondition title="Response Condition 1"><conditionvar><varequal respident="QUES_1383703_1533002_LID">QUES_1383703_1533002_A5075185</varequal></conditionvar><setvar action="Set">100.000000000</setvar><displayfeedback feedbacktype="Response" linkrefid="QUES_1383703_1533002_IF5075185" /></respcondition><respcondition title="Response Condition 2"><conditionvar><varequal respident="QUES_1383703_1533002_LID">QUES_1383703_1533002_A5075186</varequal></conditionvar><setvar action="Set">0.000000000</setvar><displayfeedback feedbacktype="Response" linkrefid="QUES_1383703_1533002_IF5075186" /></respcondition></resprocessing><itemfeedback ident="QUES_1383703_1533002_IF5075185"><material><mattext texttype="text/plain" /></material></itemfeedback><itemfeedback ident="QUES_1383703_1533002_IF5075186"><material><mattext texttype="text/plain" /></material></itemfeedback></item><item ident="OBJ_7115905" label="QUES_1383704_1533003" d2l_2p0:page="1" title="Synthesis Project"><itemmetadata><qtimetadata><qti_metadatafield><fieldlabel>qmd_computerscored</fieldlabel><fieldentry>yes</fieldentry></qti_metadatafield><qti_metadatafield><fieldlabel>qmd_questiontype</fieldlabel><fieldentry>Text Information</fieldentry></qti_metadatafield><qti_metadatafield><fieldlabel>qmd_globalid</fieldlabel><fieldentry>0516514b-eca9-4bdc-9ad6-c33f4592232b</fieldentry></qti_metadatafield><qti_metadatafield><fieldlabel>qmd_displayid</fieldlabel><fieldentry>Online.Reference.FDREL225-342</fieldentry></qti_metadatafield></qtimetadata></itemmetadata><presentation><flow><material><mattext texttype="text/html">&lt;h2&gt;Synthesis Project&lt;/h2&gt;</mattext></material></flow></presentation></item><item ident="OBJ_7115906" label="QUES_1383705_1533004" d2l_2p0:page="1"><itemmetadata><qtimetadata><qti_metadatafield><fieldlabel>qmd_computerscored</fieldlabel><fieldentry>yes</fieldentry></qti_metadatafield><qti_metadatafield><fieldlabel>qmd_questiontype</fieldlabel><fieldentry>Short Answer</fieldentry></qti_metadatafield><qti_metadatafield><fieldlabel>qmd_weighting</fieldlabel><fieldentry>1.000000000</fieldentry></qti_metadatafield><qti_metadatafield><fieldlabel>qmd_globalid</fieldlabel><fieldentry>a961cee0-83d4-4eea-812d-ce1e64f619f7</fieldentry></qti_metadatafield><qti_metadatafield><fieldlabel>qmd_displayid</fieldlabel><fieldentry>Online.Reference.FDREL225-355</fieldentry></qti_metadatafield></qtimetadata></itemmetadata><itemproc_extension><d2l_2p0:difficulty>3</d2l_2p0:difficulty><d2l_2p0:isbonus>no</d2l_2p0:isbonus><d2l_2p0:ismandatory>no</d2l_2p0:ismandatory></itemproc_extension><presentation><flow><material><mattext texttype="text/html">&lt;p&gt;Who is your team all-star -- the one who is doing the most to make your team be successful?&lt;/p&gt;</mattext></material><response_str ident="QUES_1383705_1533004_A5075188_STR" rcardinality="Single"><render_fib rows="3" columns="60" prompt="Box" fibtype="String"><response_label ident="QUES_1383705_1533004_A5075188_ANS" /></render_fib></response_str></flow></presentation><resprocessing><outcomes><decvar vartype="Integer" minvalue="0" maxvalue="100" varname="Blank_1" /></outcomes><respcondition><conditionvar><varequal respident="QUES_1383705_1533004_A5075188_ANS" case="no">(?:\w+(?:\W+|$)){5}</varequal><var_extension><d2l_2p0:answer_is_regexp>yes</d2l_2p0:answer_is_regexp></var_extension></conditionvar><setvar action="Set">100.000000000</setvar></respcondition></resprocessing></item><item ident="OBJ_7115907" label="QUES_1383706_1533005" d2l_2p0:page="1"><itemmetadata><qtimetadata><qti_metadatafield><fieldlabel>qmd_computerscored</fieldlabel><fieldentry>yes</fieldentry></qti_metadatafield><qti_metadatafield><fieldlabel>qmd_questiontype</fieldlabel><fieldentry>Short Answer</fieldentry></qti_metadatafield><qti_metadatafield><fieldlabel>qmd_weighting</fieldlabel><fieldentry>1.000000000</fieldentry></qti_metadatafield><qti_metadatafield><fieldlabel>qmd_globalid</fieldlabel><fieldentry>8cbe305a-4cb2-4358-9f18-709b8058e270</fieldentry></qti_metadatafield><qti_metadatafield><fieldlabel>qmd_displayid</fieldlabel><fieldentry>Online.Reference.FDREL225-356</fieldentry></qti_metadatafield></qtimetadata></itemmetadata><itemproc_extension><d2l_2p0:difficulty>3</d2l_2p0:difficulty><d2l_2p0:isbonus>no</d2l_2p0:isbonus><d2l_2p0:ismandatory>no</d2l_2p0:ismandatory></itemproc_extension><presentation><flow><material><mattext texttype="text/html">&lt;p&gt;What personal commitment will you make for the rest of the semester for your team to be successful?&lt;/p&gt;</mattext></material><response_str ident="QUES_1383706_1533005_A5075189_STR" rcardinality="Single"><render_fib rows="3" columns="60" prompt="Box" fibtype="String"><response_label ident="QUES_1383706_1533005_A5075189_ANS" /></render_fib></response_str></flow></presentation><resprocessing><outcomes><decvar vartype="Integer" minvalue="0" maxvalue="100" varname="Blank_1" /></outcomes><respcondition><conditionvar><varequal respident="QUES_1383706_1533005_A5075189_ANS" case="no">(?:\w+(?:\W+|$)){5}</varequal><var_extension><d2l_2p0:answer_is_regexp>yes</d2l_2p0:answer_is_regexp></var_extension></conditionvar><setvar action="Set">100.000000000</setvar></respcondition></resprocessing></item><item ident="OBJ_7115908" label="QUES_1383707_1533006" d2l_2p0:page="1" title="Binder Submission"><itemmetadata><qtimetadata><qti_metadatafield><fieldlabel>qmd_computerscored</fieldlabel><fieldentry>yes</fieldentry></qti_metadatafield><qti_metadatafield><fieldlabel>qmd_questiontype</fieldlabel><fieldentry>Text Information</fieldentry></qti_metadatafield><qti_metadatafield><fieldlabel>qmd_globalid</fieldlabel><fieldentry>fd531e83-f6fb-45ac-bf4e-0b69d92e4b64</fieldentry></qti_metadatafield><qti_metadatafield><fieldlabel>qmd_displayid</fieldlabel><fieldentry>Online.Reference.FDREL225-345</fieldentry></qti_metadatafield></qtimetadata></itemmetadata><presentation><flow><material><mattext texttype="text/html">&lt;h2&gt;Binder Submission&lt;/h2&gt;</mattext></material></flow></presentation></item><item ident="OBJ_7115909" label="QUES_1383708_1533007" d2l_2p0:page="1"><itemmetadata><qtimetadata><qti_metadatafield><fieldlabel>qmd_computerscored</fieldlabel><fieldentry>yes</fieldentry></qti_metadatafield><qti_metadatafield><fieldlabel>qmd_questiontype</fieldlabel><fieldentry>True/False</fieldentry></qti_metadatafield><qti_metadatafield><fieldlabel>qmd_weighting</fieldlabel><fieldentry>1.000000000</fieldentry></qti_metadatafield><qti_metadatafield><fieldlabel>qmd_globalid</fieldlabel><fieldentry>de0aa7ca-cf23-41e2-8c90-dd872ca3e016</fieldentry></qti_metadatafield><qti_metadatafield><fieldlabel>qmd_displayid</fieldlabel><fieldentry>Online.Reference.FDREL225-346</fieldentry></qti_metadatafield></qtimetadata></itemmetadata><itemproc_extension><d2l_2p0:difficulty>3</d2l_2p0:difficulty><d2l_2p0:isbonus>no</d2l_2p0:isbonus><d2l_2p0:ismandatory>no</d2l_2p0:ismandatory></itemproc_extension><presentation><flow><material><mattext texttype="text/html">&lt;p&gt;&lt;span&gt;Did you copy your best work to your binder this week?&lt;/span&gt;&lt;/p&gt;</mattext></material><response_extension><d2l_2p0:display_style>2</d2l_2p0:display_style><d2l_2p0:enumeration>6</d2l_2p0:enumeration><d2l_2p0:grading_type>0</d2l_2p0:grading_type></response_extension><response_lid ident="QUES_1383708_1533007_LID" rcardinality="Single"><render_choice shuffle="no"><flow_label class="Block"><response_label ident="QUES_1383708_1533007_A5075191"><flow_mat><material><mattext texttype="text/plain">True</mattext></material></flow_mat></response_label></flow_label><flow_label class="Block"><response_label ident="QUES_1383708_1533007_A5075192"><flow_mat><material><mattext texttype="text/plain">False</mattext></material></flow_mat></response_label></flow_label></render_choice></response_lid></flow></presentation><resprocessing><respcondition title="Response Condition 1"><conditionvar><varequal respident="QUES_1383708_1533007_LID">QUES_1383708_1533007_A5075191</varequal></conditionvar><setvar action="Set">100.000000000</setvar><displayfeedback feedbacktype="Response" linkrefid="QUES_1383708_1533007_IF5075191" /></respcondition><respcondition title="Response Condition 2"><conditionvar><varequal respident="QUES_1383708_1533007_LID">QUES_1383708_1533007_A5075192</varequal></conditionvar><setvar action="Set">0.000000000</setvar><displayfeedback feedbacktype="Response" linkrefid="QUES_1383708_1533007_IF5075192" /></respcondition></resprocessing><itemfeedback ident="QUES_1383708_1533007_IF5075191"><material><mattext texttype="text/plain" /></material></itemfeedback><itemfeedback ident="QUES_1383708_1533007_IF5075192"><material><mattext texttype="text/plain" /></material></itemfeedback></item></section></assessment></questestinterop>