﻿<?xml version="1.0" encoding="UTF-8"?><questestinterop xmlns:d2l_2p0="http://desire2learn.com/xsd/d2lcp_v2p0"><assessment d2l_2p0:id="22" title="L13: Weekly Report" ident="res_quiz_370647" d2l_2p0:resource_code="byui_produ-338387"><rubric><flow_mat><material><mattext d2l_2p0:isdisplayed="no" texttype="text/html" /></material></flow_mat></rubric><assessmentcontrol hintswitch="no" solutionswitch="yes" feedbackswitch="no" /><presentation_material><flow_mat><material label="page header"><mattext d2l_2p0:isdisplayed="no" texttype="text/html" /></material><material label="page footer"><mattext d2l_2p0:isdisplayed="no" texttype="text/html" /></material></flow_mat></presentation_material><assess_procextension><d2l_2p0:intro_message d2l_2p0:isdisplayed="no" texttype="text/html" /><category ident="67673" d2l_2p0:sortorder="1">Weekly Reports</category><d2l_2p0:disable_right_click>yes</d2l_2p0:disable_right_click><d2l_2p0:disable_pager_access>yes</d2l_2p0:disable_pager_access><is_active>yes</is_active><d2l_2p0:date_start><d2l_2p0:timestamp><d2l_2p0:month>12</d2l_2p0:month><d2l_2p0:day>8</d2l_2p0:day><d2l_2p0:year>2016</d2l_2p0:year><d2l_2p0:hour>23</d2l_2p0:hour><d2l_2p0:minutes>0</d2l_2p0:minutes><d2l_2p0:seconds>0</d2l_2p0:seconds></d2l_2p0:timestamp></d2l_2p0:date_start><d2l_2p0:date_end><d2l_2p0:timestamp><d2l_2p0:month>12</d2l_2p0:month><d2l_2p0:day>12</d2l_2p0:day><d2l_2p0:year>2016</d2l_2p0:year><d2l_2p0:hour>8</d2l_2p0:hour><d2l_2p0:minutes>0</d2l_2p0:minutes><d2l_2p0:seconds>0</d2l_2p0:seconds></d2l_2p0:timestamp></d2l_2p0:date_end><d2l_2p0:has_schedule_event>yes</d2l_2p0:has_schedule_event><d2l_2p0:is_attempt_Rldb>no</d2l_2p0:is_attempt_Rldb><d2l_2p0:is_subview_Rldb>no</d2l_2p0:is_subview_Rldb><d2l_2p0:time_limit>120</d2l_2p0:time_limit><d2l_2p0:show_clock>no</d2l_2p0:show_clock><d2l_2p0:enforce_time_limit>no</d2l_2p0:enforce_time_limit><d2l_2p0:grace_period>5</d2l_2p0:grace_period><d2l_2p0:late_limit>0</d2l_2p0:late_limit><d2l_2p0:attempts_allowed>1</d2l_2p0:attempts_allowed><d2l_2p0:attempt_restrictions /><d2l_2p0:mark_calculation_type>1</d2l_2p0:mark_calculation_type><d2l_2p0:is_forward_only>no</d2l_2p0:is_forward_only></assess_procextension><assessfeedback title=""><rubric><flow_mat><material><mattext texttype="yes">Your quiz has been submitted successfully.</mattext></material></flow_mat></rubric><d2l_2p0:duration>0</d2l_2p0:duration><d2l_2p0:response_display_type_id>1</d2l_2p0:response_display_type_id><d2l_2p0:show_correct_answers>no</d2l_2p0:show_correct_answers><d2l_2p0:submission_restrictip>no</d2l_2p0:submission_restrictip><d2l_2p0:show_class_average>no</d2l_2p0:show_class_average><d2l_2p0:show_score_distribution>no</d2l_2p0:show_score_distribution></assessfeedback><assessfeedback title="Feedback View"><rubric><flow_mat><material><mattext texttype="yes" /></material></flow_mat></rubric><release_date><d2l_2p0:timestamp><d2l_2p0:month>12</d2l_2p0:month><d2l_2p0:day>12</d2l_2p0:day><d2l_2p0:year>2016</d2l_2p0:year><d2l_2p0:hour>8</d2l_2p0:hour><d2l_2p0:minutes>0</d2l_2p0:minutes><d2l_2p0:seconds>0</d2l_2p0:seconds></d2l_2p0:timestamp></release_date><d2l_2p0:duration>0</d2l_2p0:duration><d2l_2p0:response_display_type_id>2</d2l_2p0:response_display_type_id><d2l_2p0:show_correct_answers>no</d2l_2p0:show_correct_answers><d2l_2p0:submission_restrictip>no</d2l_2p0:submission_restrictip><d2l_2p0:show_class_average>no</d2l_2p0:show_class_average><d2l_2p0:show_score_distribution>no</d2l_2p0:show_score_distribution></assessfeedback><section ident="CONTAINER_SECTION"><item ident="OBJ_7115974" label="QUES_1383773_1533072" d2l_2p0:page="1" title="Learning Goal Focus"><itemmetadata><qtimetadata><qti_metadatafield><fieldlabel>qmd_computerscored</fieldlabel><fieldentry>yes</fieldentry></qti_metadatafield><qti_metadatafield><fieldlabel>qmd_questiontype</fieldlabel><fieldentry>Text Information</fieldentry></qti_metadatafield><qti_metadatafield><fieldlabel>qmd_globalid</fieldlabel><fieldentry>2f1523f1-3857-4e51-a74b-bb2f4e6a1251</fieldentry></qti_metadatafield><qti_metadatafield><fieldlabel>qmd_displayid</fieldlabel><fieldentry>Online.Reference.FDREL225-402</fieldentry></qti_metadatafield></qtimetadata></itemmetadata><presentation><flow><material><mattext texttype="text/html">&lt;h2&gt;Learning Goal Focus&lt;/h2&gt;</mattext></material></flow></presentation></item><item ident="OBJ_7115975" label="QUES_1383774_1533073" d2l_2p0:page="1"><itemmetadata><qtimetadata><qti_metadatafield><fieldlabel>qmd_computerscored</fieldlabel><fieldentry>yes</fieldentry></qti_metadatafield><qti_metadatafield><fieldlabel>qmd_questiontype</fieldlabel><fieldentry>Short Answer</fieldentry></qti_metadatafield><qti_metadatafield><fieldlabel>qmd_weighting</fieldlabel><fieldentry>2.000000000</fieldentry></qti_metadatafield><qti_metadatafield><fieldlabel>qmd_globalid</fieldlabel><fieldentry>3faef040-2f4d-4c57-a673-ba3e2c78a21d</fieldentry></qti_metadatafield><qti_metadatafield><fieldlabel>qmd_displayid</fieldlabel><fieldentry>Online.Reference.FDREL225-403</fieldentry></qti_metadatafield></qtimetadata></itemmetadata><itemproc_extension><d2l_2p0:difficulty>3</d2l_2p0:difficulty><d2l_2p0:isbonus>no</d2l_2p0:isbonus><d2l_2p0:ismandatory>no</d2l_2p0:ismandatory></itemproc_extension><presentation><flow><material><mattext texttype="text/html">&lt;p&gt;&lt;span&gt;What did you do to focus on the chosen Course Outcome this week?&lt;/span&gt;&lt;/p&gt;</mattext></material><response_str ident="QUES_1383774_1533073_A5075290_STR" rcardinality="Single"><render_fib rows="3" columns="60" prompt="Box" fibtype="String"><response_label ident="QUES_1383774_1533073_A5075290_ANS" /></render_fib></response_str></flow></presentation><resprocessing><outcomes><decvar vartype="Integer" minvalue="0" maxvalue="100" varname="Blank_1" /></outcomes><respcondition><conditionvar><varequal respident="QUES_1383774_1533073_A5075290_ANS" case="no">(?:\w+(?:\W+|$)){5}</varequal><var_extension><d2l_2p0:answer_is_regexp>yes</d2l_2p0:answer_is_regexp></var_extension></conditionvar><setvar action="Set">100.000000000</setvar></respcondition></resprocessing></item><item ident="OBJ_7115976" label="QUES_1383775_1533074" d2l_2p0:page="1" title="Key Preparation Materials"><itemmetadata><qtimetadata><qti_metadatafield><fieldlabel>qmd_computerscored</fieldlabel><fieldentry>yes</fieldentry></qti_metadatafield><qti_metadatafield><fieldlabel>qmd_questiontype</fieldlabel><fieldentry>Text Information</fieldentry></qti_metadatafield><qti_metadatafield><fieldlabel>qmd_globalid</fieldlabel><fieldentry>8cd018bf-637c-48d7-91dd-f1424c7b5535</fieldentry></qti_metadatafield><qti_metadatafield><fieldlabel>qmd_displayid</fieldlabel><fieldentry>Online.Reference.FDREL225-404</fieldentry></qti_metadatafield></qtimetadata></itemmetadata><presentation><flow><material><mattext texttype="text/html">&lt;h2&gt;&lt;span&gt;Key Preparation Materials&lt;/span&gt;&lt;/h2&gt;</mattext></material></flow></presentation></item><item ident="OBJ_7115977" label="QUES_1383776_1533075" d2l_2p0:page="1"><itemmetadata><qtimetadata><qti_metadatafield><fieldlabel>qmd_computerscored</fieldlabel><fieldentry>yes</fieldentry></qti_metadatafield><qti_metadatafield><fieldlabel>qmd_questiontype</fieldlabel><fieldentry>Multiple Choice</fieldentry></qti_metadatafield><qti_metadatafield><fieldlabel>qmd_weighting</fieldlabel><fieldentry>20.000000000</fieldentry></qti_metadatafield><qti_metadatafield><fieldlabel>qmd_globalid</fieldlabel><fieldentry>1c0c1986-f51b-4eb6-a404-984e0fa7dfcc</fieldentry></qti_metadatafield><qti_metadatafield><fieldlabel>qmd_displayid</fieldlabel><fieldentry>Online.Reference.FDREL225-405</fieldentry></qti_metadatafield></qtimetadata></itemmetadata><itemproc_extension><d2l_2p0:difficulty>3</d2l_2p0:difficulty><d2l_2p0:isbonus>no</d2l_2p0:isbonus><d2l_2p0:ismandatory>no</d2l_2p0:ismandatory></itemproc_extension><presentation><flow><material><mattext texttype="text/html">&lt;p&gt;&lt;span&gt;Did you complete the Key Preparation Materials 1 and use what you learned to participate in the other activities this week?&amp;nbsp;&lt;/span&gt;&lt;/p&gt;</mattext></material><response_extension><d2l_2p0:display_style>2</d2l_2p0:display_style><d2l_2p0:enumeration>6</d2l_2p0:enumeration><d2l_2p0:grading_type>0</d2l_2p0:grading_type></response_extension><response_lid ident="QUES_1383776_1533075_LID" rcardinality="Single"><render_choice shuffle="no"><flow_label class="Block"><response_label ident="QUES_1383776_1533075_A5075292"><flow_mat><material><mattext texttype="text/html">&lt;p&gt;Yes&lt;/p&gt;</mattext></material></flow_mat></response_label></flow_label><flow_label class="Block"><response_label ident="QUES_1383776_1533075_A5075293"><flow_mat><material><mattext texttype="text/html">&lt;p&gt;Partially&lt;/p&gt;</mattext></material></flow_mat></response_label></flow_label><flow_label class="Block"><response_label ident="QUES_1383776_1533075_A5075294"><flow_mat><material><mattext texttype="text/html">&lt;p&gt;No&lt;/p&gt;</mattext></material></flow_mat></response_label></flow_label></render_choice></response_lid></flow></presentation><resprocessing><respcondition title="Response Condition 1"><conditionvar><varequal respident="QUES_1383776_1533075_LID">QUES_1383776_1533075_A5075292</varequal></conditionvar><setvar action="Set">100.000000000</setvar><displayfeedback feedbacktype="Response" linkrefid="QUES_1383776_1533075_IF5075292" /></respcondition><respcondition title="Response Condition 2"><conditionvar><varequal respident="QUES_1383776_1533075_LID">QUES_1383776_1533075_A5075293</varequal></conditionvar><setvar action="Set">50.000000000</setvar><displayfeedback feedbacktype="Response" linkrefid="QUES_1383776_1533075_IF5075293" /></respcondition><respcondition title="Response Condition 3"><conditionvar><varequal respident="QUES_1383776_1533075_LID">QUES_1383776_1533075_A5075294</varequal></conditionvar><setvar action="Set">0.000000000</setvar><displayfeedback feedbacktype="Response" linkrefid="QUES_1383776_1533075_IF5075294" /></respcondition></resprocessing><itemfeedback ident="QUES_1383776_1533075_IF5075292"><material><mattext texttype="text/plain" /></material></itemfeedback><itemfeedback ident="QUES_1383776_1533075_IF5075293"><material><mattext texttype="text/plain" /></material></itemfeedback><itemfeedback ident="QUES_1383776_1533075_IF5075294"><material><mattext texttype="text/plain" /></material></itemfeedback></item><item ident="OBJ_7115978" label="QUES_1383777_1533076" d2l_2p0:page="1"><itemmetadata><qtimetadata><qti_metadatafield><fieldlabel>qmd_computerscored</fieldlabel><fieldentry>yes</fieldentry></qti_metadatafield><qti_metadatafield><fieldlabel>qmd_questiontype</fieldlabel><fieldentry>Multiple Choice</fieldentry></qti_metadatafield><qti_metadatafield><fieldlabel>qmd_weighting</fieldlabel><fieldentry>20.000000000</fieldentry></qti_metadatafield><qti_metadatafield><fieldlabel>qmd_globalid</fieldlabel><fieldentry>b85535f1-fe78-4fb4-adcc-b53fa2d9e50a</fieldentry></qti_metadatafield><qti_metadatafield><fieldlabel>qmd_displayid</fieldlabel><fieldentry>Online.Reference.FDREL225-406</fieldentry></qti_metadatafield></qtimetadata></itemmetadata><itemproc_extension><d2l_2p0:difficulty>3</d2l_2p0:difficulty><d2l_2p0:isbonus>no</d2l_2p0:isbonus><d2l_2p0:ismandatory>no</d2l_2p0:ismandatory></itemproc_extension><presentation><flow><material><mattext texttype="text/html">&lt;p&gt;&lt;span&gt;Did you complete the Key Preparation Materials 2&amp;nbsp;and use what you learned to participate in the other activities this week?&amp;nbsp;&lt;/span&gt;&lt;/p&gt;</mattext></material><response_extension><d2l_2p0:display_style>2</d2l_2p0:display_style><d2l_2p0:enumeration>6</d2l_2p0:enumeration><d2l_2p0:grading_type>0</d2l_2p0:grading_type></response_extension><response_lid ident="QUES_1383777_1533076_LID" rcardinality="Single"><render_choice shuffle="no"><flow_label class="Block"><response_label ident="QUES_1383777_1533076_A5075295"><flow_mat><material><mattext texttype="text/html">&lt;p&gt;Yes&lt;/p&gt;</mattext></material></flow_mat></response_label></flow_label><flow_label class="Block"><response_label ident="QUES_1383777_1533076_A5075296"><flow_mat><material><mattext texttype="text/html">&lt;p&gt;Partially&lt;/p&gt;</mattext></material></flow_mat></response_label></flow_label><flow_label class="Block"><response_label ident="QUES_1383777_1533076_A5075297"><flow_mat><material><mattext texttype="text/html">&lt;p&gt;No&lt;/p&gt;</mattext></material></flow_mat></response_label></flow_label></render_choice></response_lid></flow></presentation><resprocessing><respcondition title="Response Condition 1"><conditionvar><varequal respident="QUES_1383777_1533076_LID">QUES_1383777_1533076_A5075295</varequal></conditionvar><setvar action="Set">100.000000000</setvar><displayfeedback feedbacktype="Response" linkrefid="QUES_1383777_1533076_IF5075295" /></respcondition><respcondition title="Response Condition 2"><conditionvar><varequal respident="QUES_1383777_1533076_LID">QUES_1383777_1533076_A5075296</varequal></conditionvar><setvar action="Set">50.000000000</setvar><displayfeedback feedbacktype="Response" linkrefid="QUES_1383777_1533076_IF5075296" /></respcondition><respcondition title="Response Condition 3"><conditionvar><varequal respident="QUES_1383777_1533076_LID">QUES_1383777_1533076_A5075297</varequal></conditionvar><setvar action="Set">0.000000000</setvar><displayfeedback feedbacktype="Response" linkrefid="QUES_1383777_1533076_IF5075297" /></respcondition></resprocessing><itemfeedback ident="QUES_1383777_1533076_IF5075295"><material><mattext texttype="text/plain" /></material></itemfeedback><itemfeedback ident="QUES_1383777_1533076_IF5075296"><material><mattext texttype="text/plain" /></material></itemfeedback><itemfeedback ident="QUES_1383777_1533076_IF5075297"><material><mattext texttype="text/plain" /></material></itemfeedback></item><item ident="OBJ_7115979" label="QUES_1383778_1533077" d2l_2p0:page="1" title="Sharing Insights on the CPT Board"><itemmetadata><qtimetadata><qti_metadatafield><fieldlabel>qmd_computerscored</fieldlabel><fieldentry>yes</fieldentry></qti_metadatafield><qti_metadatafield><fieldlabel>qmd_questiontype</fieldlabel><fieldentry>Text Information</fieldentry></qti_metadatafield><qti_metadatafield><fieldlabel>qmd_globalid</fieldlabel><fieldentry>e9424f0e-cf3b-4ba8-9785-efd82581bf63</fieldentry></qti_metadatafield><qti_metadatafield><fieldlabel>qmd_displayid</fieldlabel><fieldentry>Online.Reference.FDREL225-266</fieldentry></qti_metadatafield></qtimetadata></itemmetadata><presentation><flow><material><mattext texttype="text/html">&lt;h2&gt;Sharing Insights on the CPT Board&lt;/h2&gt;</mattext></material></flow></presentation></item><item ident="OBJ_7115980" label="QUES_1383779_1533078" d2l_2p0:page="1"><itemmetadata><qtimetadata><qti_metadatafield><fieldlabel>qmd_computerscored</fieldlabel><fieldentry>yes</fieldentry></qti_metadatafield><qti_metadatafield><fieldlabel>qmd_questiontype</fieldlabel><fieldentry>True/False</fieldentry></qti_metadatafield><qti_metadatafield><fieldlabel>qmd_weighting</fieldlabel><fieldentry>1.000000000</fieldentry></qti_metadatafield><qti_metadatafield><fieldlabel>qmd_globalid</fieldlabel><fieldentry>7e41e393-ec65-4a8d-b526-e47a9ce1df83</fieldentry></qti_metadatafield><qti_metadatafield><fieldlabel>qmd_displayid</fieldlabel><fieldentry>Online.Reference.FDREL225-100</fieldentry></qti_metadatafield></qtimetadata></itemmetadata><itemproc_extension><d2l_2p0:difficulty>3</d2l_2p0:difficulty><d2l_2p0:isbonus>no</d2l_2p0:isbonus><d2l_2p0:ismandatory>no</d2l_2p0:ismandatory></itemproc_extension><presentation><flow><material><mattext texttype="text/html">&lt;p&gt;&lt;span&gt;Are you seeking to learn from your classmates' comments on the Sharing Insights DB?&lt;/span&gt;&lt;/p&gt;</mattext></material><response_extension><d2l_2p0:display_style>2</d2l_2p0:display_style><d2l_2p0:enumeration>6</d2l_2p0:enumeration><d2l_2p0:grading_type>0</d2l_2p0:grading_type></response_extension><response_lid ident="QUES_1383779_1533078_LID" rcardinality="Single"><render_choice shuffle="no"><flow_label class="Block"><response_label ident="QUES_1383779_1533078_A5075299"><flow_mat><material><mattext texttype="text/plain">True</mattext></material></flow_mat></response_label></flow_label><flow_label class="Block"><response_label ident="QUES_1383779_1533078_A5075300"><flow_mat><material><mattext texttype="text/plain">False</mattext></material></flow_mat></response_label></flow_label></render_choice></response_lid></flow></presentation><resprocessing><respcondition title="Response Condition 1"><conditionvar><varequal respident="QUES_1383779_1533078_LID">QUES_1383779_1533078_A5075299</varequal></conditionvar><setvar action="Set">100.000000000</setvar><displayfeedback feedbacktype="Response" linkrefid="QUES_1383779_1533078_IF5075299" /></respcondition><respcondition title="Response Condition 2"><conditionvar><varequal respident="QUES_1383779_1533078_LID">QUES_1383779_1533078_A5075300</varequal></conditionvar><setvar action="Set">0.000000000</setvar><displayfeedback feedbacktype="Response" linkrefid="QUES_1383779_1533078_IF5075300" /></respcondition></resprocessing><itemfeedback ident="QUES_1383779_1533078_IF5075299"><material><mattext texttype="text/plain" /></material></itemfeedback><itemfeedback ident="QUES_1383779_1533078_IF5075300"><material><mattext texttype="text/plain" /></material></itemfeedback></item><item ident="OBJ_7115981" label="QUES_1383780_1533079" d2l_2p0:page="1"><itemmetadata><qtimetadata><qti_metadatafield><fieldlabel>qmd_computerscored</fieldlabel><fieldentry>yes</fieldentry></qti_metadatafield><qti_metadatafield><fieldlabel>qmd_questiontype</fieldlabel><fieldentry>True/False</fieldentry></qti_metadatafield><qti_metadatafield><fieldlabel>qmd_weighting</fieldlabel><fieldentry>2.000000000</fieldentry></qti_metadatafield><qti_metadatafield><fieldlabel>qmd_globalid</fieldlabel><fieldentry>367ff217-5036-46f8-92f4-57b39dbb80c6</fieldentry></qti_metadatafield><qti_metadatafield><fieldlabel>qmd_displayid</fieldlabel><fieldentry>Online.Reference.FDREL225-101</fieldentry></qti_metadatafield></qtimetadata></itemmetadata><itemproc_extension><d2l_2p0:difficulty>3</d2l_2p0:difficulty><d2l_2p0:isbonus>no</d2l_2p0:isbonus><d2l_2p0:ismandatory>no</d2l_2p0:ismandatory></itemproc_extension><presentation><flow><material><mattext texttype="text/html">&lt;p&gt;&lt;span&gt;Are you posting sincerely and on time on the Sharing Insights DB?&lt;/span&gt;&lt;/p&gt;</mattext></material><response_extension><d2l_2p0:display_style>2</d2l_2p0:display_style><d2l_2p0:enumeration>6</d2l_2p0:enumeration><d2l_2p0:grading_type>0</d2l_2p0:grading_type></response_extension><response_lid ident="QUES_1383780_1533079_LID" rcardinality="Single"><render_choice shuffle="no"><flow_label class="Block"><response_label ident="QUES_1383780_1533079_A5075301"><flow_mat><material><mattext texttype="text/plain">True</mattext></material></flow_mat></response_label></flow_label><flow_label class="Block"><response_label ident="QUES_1383780_1533079_A5075302"><flow_mat><material><mattext texttype="text/plain">False</mattext></material></flow_mat></response_label></flow_label></render_choice></response_lid></flow></presentation><resprocessing><respcondition title="Response Condition 1"><conditionvar><varequal respident="QUES_1383780_1533079_LID">QUES_1383780_1533079_A5075301</varequal></conditionvar><setvar action="Set">100.000000000</setvar><displayfeedback feedbacktype="Response" linkrefid="QUES_1383780_1533079_IF5075301" /></respcondition><respcondition title="Response Condition 2"><conditionvar><varequal respident="QUES_1383780_1533079_LID">QUES_1383780_1533079_A5075302</varequal></conditionvar><setvar action="Set">0.000000000</setvar><displayfeedback feedbacktype="Response" linkrefid="QUES_1383780_1533079_IF5075302" /></respcondition></resprocessing><itemfeedback ident="QUES_1383780_1533079_IF5075301"><material><mattext texttype="text/plain" /></material></itemfeedback><itemfeedback ident="QUES_1383780_1533079_IF5075302"><material><mattext texttype="text/plain" /></material></itemfeedback></item><item ident="OBJ_7115982" label="QUES_1383781_1533080" d2l_2p0:page="1"><itemmetadata><qtimetadata><qti_metadatafield><fieldlabel>qmd_computerscored</fieldlabel><fieldentry>yes</fieldentry></qti_metadatafield><qti_metadatafield><fieldlabel>qmd_questiontype</fieldlabel><fieldentry>True/False</fieldentry></qti_metadatafield><qti_metadatafield><fieldlabel>qmd_weighting</fieldlabel><fieldentry>2.000000000</fieldentry></qti_metadatafield><qti_metadatafield><fieldlabel>qmd_globalid</fieldlabel><fieldentry>d2c4ef48-8b23-48c3-b2f2-c6e65cd95745</fieldentry></qti_metadatafield><qti_metadatafield><fieldlabel>qmd_displayid</fieldlabel><fieldentry>Online.Reference.FDREL225-102</fieldentry></qti_metadatafield></qtimetadata></itemmetadata><itemproc_extension><d2l_2p0:difficulty>3</d2l_2p0:difficulty><d2l_2p0:isbonus>no</d2l_2p0:isbonus><d2l_2p0:ismandatory>no</d2l_2p0:ismandatory></itemproc_extension><presentation><flow><material><mattext texttype="text/html">&lt;p&gt;&lt;span&gt;Are you trying to help your classmates improve their ideas and understanding on the Sharing Insights DB?&lt;/span&gt;&lt;/p&gt;</mattext></material><response_extension><d2l_2p0:display_style>2</d2l_2p0:display_style><d2l_2p0:enumeration>6</d2l_2p0:enumeration><d2l_2p0:grading_type>0</d2l_2p0:grading_type></response_extension><response_lid ident="QUES_1383781_1533080_LID" rcardinality="Single"><render_choice shuffle="no"><flow_label class="Block"><response_label ident="QUES_1383781_1533080_A5075303"><flow_mat><material><mattext texttype="text/plain">True</mattext></material></flow_mat></response_label></flow_label><flow_label class="Block"><response_label ident="QUES_1383781_1533080_A5075304"><flow_mat><material><mattext texttype="text/plain">False</mattext></material></flow_mat></response_label></flow_label></render_choice></response_lid></flow></presentation><resprocessing><respcondition title="Response Condition 1"><conditionvar><varequal respident="QUES_1383781_1533080_LID">QUES_1383781_1533080_A5075303</varequal></conditionvar><setvar action="Set">100.000000000</setvar><displayfeedback feedbacktype="Response" linkrefid="QUES_1383781_1533080_IF5075303" /></respcondition><respcondition title="Response Condition 2"><conditionvar><varequal respident="QUES_1383781_1533080_LID">QUES_1383781_1533080_A5075304</varequal></conditionvar><setvar action="Set">0.000000000</setvar><displayfeedback feedbacktype="Response" linkrefid="QUES_1383781_1533080_IF5075304" /></respcondition></resprocessing><itemfeedback ident="QUES_1383781_1533080_IF5075303"><material><mattext texttype="text/plain" /></material></itemfeedback><itemfeedback ident="QUES_1383781_1533080_IF5075304"><material><mattext texttype="text/plain" /></material></itemfeedback></item><item ident="OBJ_7115983" label="QUES_1383782_1533081" d2l_2p0:page="1" title="Synthesis Project"><itemmetadata><qtimetadata><qti_metadatafield><fieldlabel>qmd_computerscored</fieldlabel><fieldentry>yes</fieldentry></qti_metadatafield><qti_metadatafield><fieldlabel>qmd_questiontype</fieldlabel><fieldentry>Text Information</fieldentry></qti_metadatafield><qti_metadatafield><fieldlabel>qmd_globalid</fieldlabel><fieldentry>f2ce40ed-c015-462a-beb2-047fef5d0bb1</fieldentry></qti_metadatafield><qti_metadatafield><fieldlabel>qmd_displayid</fieldlabel><fieldentry>Online.Reference.FDREL225-407</fieldentry></qti_metadatafield></qtimetadata></itemmetadata><presentation><flow><material><mattext texttype="text/html">&lt;h2&gt;Synthesis Project&lt;/h2&gt;</mattext></material></flow></presentation></item><item ident="OBJ_7115984" label="QUES_1383783_1533082" d2l_2p0:page="1"><itemmetadata><qtimetadata><qti_metadatafield><fieldlabel>qmd_computerscored</fieldlabel><fieldentry>yes</fieldentry></qti_metadatafield><qti_metadatafield><fieldlabel>qmd_questiontype</fieldlabel><fieldentry>Short Answer</fieldentry></qti_metadatafield><qti_metadatafield><fieldlabel>qmd_weighting</fieldlabel><fieldentry>1.000000000</fieldentry></qti_metadatafield><qti_metadatafield><fieldlabel>qmd_globalid</fieldlabel><fieldentry>842e8d50-4cf8-4b13-9b2f-6be9706206aa</fieldentry></qti_metadatafield><qti_metadatafield><fieldlabel>qmd_displayid</fieldlabel><fieldentry>Online.Reference.FDREL225-408</fieldentry></qti_metadatafield></qtimetadata></itemmetadata><itemproc_extension><d2l_2p0:difficulty>3</d2l_2p0:difficulty><d2l_2p0:isbonus>no</d2l_2p0:isbonus><d2l_2p0:ismandatory>no</d2l_2p0:ismandatory></itemproc_extension><presentation><flow><material><mattext texttype="text/html">&lt;p&gt;What was the most important thing you learned from the synthesis project?&lt;/p&gt;</mattext></material><response_str ident="QUES_1383783_1533082_A5075306_STR" rcardinality="Single"><render_fib rows="3" columns="60" prompt="Box" fibtype="String"><response_label ident="QUES_1383783_1533082_A5075306_ANS" /></render_fib></response_str></flow></presentation><resprocessing><outcomes><decvar vartype="Integer" minvalue="0" maxvalue="100" varname="Blank_1" /></outcomes><respcondition><conditionvar><varequal respident="QUES_1383783_1533082_A5075306_ANS" case="no">(?:\w+(?:\W+|$)){5}</varequal><var_extension><d2l_2p0:answer_is_regexp>yes</d2l_2p0:answer_is_regexp></var_extension></conditionvar><setvar action="Set">100.000000000</setvar></respcondition></resprocessing></item><item ident="OBJ_7115985" label="QUES_1383784_1533083" d2l_2p0:page="1"><itemmetadata><qtimetadata><qti_metadatafield><fieldlabel>qmd_computerscored</fieldlabel><fieldentry>yes</fieldentry></qti_metadatafield><qti_metadatafield><fieldlabel>qmd_questiontype</fieldlabel><fieldentry>Short Answer</fieldentry></qti_metadatafield><qti_metadatafield><fieldlabel>qmd_weighting</fieldlabel><fieldentry>1.000000000</fieldentry></qti_metadatafield><qti_metadatafield><fieldlabel>qmd_globalid</fieldlabel><fieldentry>eb7efdf7-26d1-4e13-a379-7b808d5a5940</fieldentry></qti_metadatafield><qti_metadatafield><fieldlabel>qmd_displayid</fieldlabel><fieldentry>Online.Reference.FDREL225-409</fieldentry></qti_metadatafield></qtimetadata></itemmetadata><itemproc_extension><d2l_2p0:difficulty>3</d2l_2p0:difficulty><d2l_2p0:isbonus>no</d2l_2p0:isbonus><d2l_2p0:ismandatory>no</d2l_2p0:ismandatory></itemproc_extension><presentation><flow><material><mattext texttype="text/html">&lt;p&gt;Who was the semester "all-star" this and why? Give specific examples&lt;/p&gt;</mattext></material><response_str ident="QUES_1383784_1533083_A5075307_STR" rcardinality="Single"><render_fib rows="3" columns="60" prompt="Box" fibtype="String"><response_label ident="QUES_1383784_1533083_A5075307_ANS" /></render_fib></response_str></flow></presentation><resprocessing><outcomes><decvar vartype="Integer" minvalue="0" maxvalue="100" varname="Blank_1" /></outcomes><respcondition><conditionvar><varequal respident="QUES_1383784_1533083_A5075307_ANS" case="no">(?:\w+(?:\W+|$)){5}</varequal><var_extension><d2l_2p0:answer_is_regexp>yes</d2l_2p0:answer_is_regexp></var_extension></conditionvar><setvar action="Set">100.000000000</setvar></respcondition></resprocessing></item><item ident="OBJ_7115986" label="QUES_1383785_1533084" d2l_2p0:page="1" title="Binder Submission"><itemmetadata><qtimetadata><qti_metadatafield><fieldlabel>qmd_computerscored</fieldlabel><fieldentry>yes</fieldentry></qti_metadatafield><qti_metadatafield><fieldlabel>qmd_questiontype</fieldlabel><fieldentry>Text Information</fieldentry></qti_metadatafield><qti_metadatafield><fieldlabel>qmd_globalid</fieldlabel><fieldentry>0968fe48-db48-454c-81c8-080b189c8de7</fieldentry></qti_metadatafield><qti_metadatafield><fieldlabel>qmd_displayid</fieldlabel><fieldentry>Online.Reference.FDREL225-411</fieldentry></qti_metadatafield></qtimetadata></itemmetadata><presentation><flow><material><mattext texttype="text/html">&lt;h2&gt;Binder Submission&lt;/h2&gt;</mattext></material></flow></presentation></item><item ident="OBJ_7115987" label="QUES_1383786_1533085" d2l_2p0:page="1"><itemmetadata><qtimetadata><qti_metadatafield><fieldlabel>qmd_computerscored</fieldlabel><fieldentry>yes</fieldentry></qti_metadatafield><qti_metadatafield><fieldlabel>qmd_questiontype</fieldlabel><fieldentry>True/False</fieldentry></qti_metadatafield><qti_metadatafield><fieldlabel>qmd_weighting</fieldlabel><fieldentry>1.000000000</fieldentry></qti_metadatafield><qti_metadatafield><fieldlabel>qmd_globalid</fieldlabel><fieldentry>e2da3692-aad7-4756-bbf4-f6880036e1be</fieldentry></qti_metadatafield><qti_metadatafield><fieldlabel>qmd_displayid</fieldlabel><fieldentry>Online.Reference.FDREL225-412</fieldentry></qti_metadatafield></qtimetadata></itemmetadata><itemproc_extension><d2l_2p0:difficulty>3</d2l_2p0:difficulty><d2l_2p0:isbonus>no</d2l_2p0:isbonus><d2l_2p0:ismandatory>no</d2l_2p0:ismandatory></itemproc_extension><presentation><flow><material><mattext texttype="text/html">&lt;p&gt;&lt;span&gt;Did you copy your best work to your binder this week?&lt;/span&gt;&lt;/p&gt;</mattext></material><response_extension><d2l_2p0:display_style>2</d2l_2p0:display_style><d2l_2p0:enumeration>6</d2l_2p0:enumeration><d2l_2p0:grading_type>0</d2l_2p0:grading_type></response_extension><response_lid ident="QUES_1383786_1533085_LID" rcardinality="Single"><render_choice shuffle="no"><flow_label class="Block"><response_label ident="QUES_1383786_1533085_A5075309"><flow_mat><material><mattext texttype="text/plain">True</mattext></material></flow_mat></response_label></flow_label><flow_label class="Block"><response_label ident="QUES_1383786_1533085_A5075310"><flow_mat><material><mattext texttype="text/plain">False</mattext></material></flow_mat></response_label></flow_label></render_choice></response_lid></flow></presentation><resprocessing><respcondition title="Response Condition 1"><conditionvar><varequal respident="QUES_1383786_1533085_LID">QUES_1383786_1533085_A5075309</varequal></conditionvar><setvar action="Set">100.000000000</setvar><displayfeedback feedbacktype="Response" linkrefid="QUES_1383786_1533085_IF5075309" /></respcondition><respcondition title="Response Condition 2"><conditionvar><varequal respident="QUES_1383786_1533085_LID">QUES_1383786_1533085_A5075310</varequal></conditionvar><setvar action="Set">0.000000000</setvar><displayfeedback feedbacktype="Response" linkrefid="QUES_1383786_1533085_IF5075310" /></respcondition></resprocessing><itemfeedback ident="QUES_1383786_1533085_IF5075309"><material><mattext texttype="text/plain" /></material></itemfeedback><itemfeedback ident="QUES_1383786_1533085_IF5075310"><material><mattext texttype="text/plain" /></material></itemfeedback></item></section></assessment></questestinterop>