﻿<?xml version="1.0" encoding="UTF-8"?><questestinterop xmlns:d2l_2p0="http://desire2learn.com/xsd/d2lcp_v2p0"><assessment d2l_2p0:id="24" title="Syllabus Quiz" ident="res_quiz_370633" d2l_2p0:resource_code="byui_produ-162812"><rubric><flow_mat><material><mattext d2l_2p0:isdisplayed="yes" texttype="text/html">&lt;p&gt;Take this quiz to show&amp;nbsp;you understand&amp;nbsp;how this course will run. You may refer back to the syllabus, but have one try, so be sure you have&amp;nbsp;&lt;em&gt;carefully read the syllabus&lt;/em&gt;&amp;nbsp;before starting this quiz. 10 min.&lt;/p&gt;</mattext></material></flow_mat></rubric><assessmentcontrol hintswitch="no" solutionswitch="yes" feedbackswitch="no" /><presentation_material><flow_mat><material label="page header"><mattext d2l_2p0:isdisplayed="no" texttype="text/html" /></material><material label="page footer"><mattext d2l_2p0:isdisplayed="no" texttype="text/html" /></material></flow_mat></presentation_material><assess_procextension><d2l_2p0:intro_message d2l_2p0:isdisplayed="no" texttype="text/html" /><category ident="67825" d2l_2p0:sortorder="1">Intro Activities</category><d2l_2p0:disable_right_click>yes</d2l_2p0:disable_right_click><d2l_2p0:disable_pager_access>yes</d2l_2p0:disable_pager_access><is_active>yes</is_active><d2l_2p0:date_start /><d2l_2p0:date_end><d2l_2p0:timestamp><d2l_2p0:month>9</d2l_2p0:month><d2l_2p0:day>20</d2l_2p0:day><d2l_2p0:year>2016</d2l_2p0:year><d2l_2p0:hour>8</d2l_2p0:hour><d2l_2p0:minutes>0</d2l_2p0:minutes><d2l_2p0:seconds>0</d2l_2p0:seconds></d2l_2p0:timestamp></d2l_2p0:date_end><d2l_2p0:has_schedule_event>no</d2l_2p0:has_schedule_event><d2l_2p0:is_attempt_Rldb>no</d2l_2p0:is_attempt_Rldb><d2l_2p0:is_subview_Rldb>no</d2l_2p0:is_subview_Rldb><d2l_2p0:time_limit>120</d2l_2p0:time_limit><d2l_2p0:show_clock>no</d2l_2p0:show_clock><d2l_2p0:enforce_time_limit>no</d2l_2p0:enforce_time_limit><d2l_2p0:grace_period>5</d2l_2p0:grace_period><d2l_2p0:late_limit>0</d2l_2p0:late_limit><d2l_2p0:attempts_allowed>0</d2l_2p0:attempts_allowed><d2l_2p0:attempt_restrictions /><d2l_2p0:mark_calculation_type>1</d2l_2p0:mark_calculation_type><d2l_2p0:is_forward_only>no</d2l_2p0:is_forward_only></assess_procextension><assessfeedback title=""><rubric><flow_mat><material><mattext texttype="yes">Your quiz has been submitted successfully.</mattext></material></flow_mat></rubric><d2l_2p0:duration>0</d2l_2p0:duration><d2l_2p0:response_display_type_id>1</d2l_2p0:response_display_type_id><d2l_2p0:show_correct_answers>no</d2l_2p0:show_correct_answers><d2l_2p0:submission_restrictip>no</d2l_2p0:submission_restrictip><d2l_2p0:show_class_average>no</d2l_2p0:show_class_average><d2l_2p0:show_score_distribution>no</d2l_2p0:show_score_distribution></assessfeedback><section ident="CONTAINER_SECTION"><item ident="OBJ_7115819" label="QUES_1383618_1532917" d2l_2p0:page="1"><itemmetadata><qtimetadata><qti_metadatafield><fieldlabel>qmd_computerscored</fieldlabel><fieldentry>yes</fieldentry></qti_metadatafield><qti_metadatafield><fieldlabel>qmd_questiontype</fieldlabel><fieldentry>True/False</fieldentry></qti_metadatafield><qti_metadatafield><fieldlabel>qmd_weighting</fieldlabel><fieldentry>1.000000000</fieldentry></qti_metadatafield><qti_metadatafield><fieldlabel>qmd_globalid</fieldlabel><fieldentry>4cbba855-8fab-4f55-91a5-bc40a1bb8280</fieldentry></qti_metadatafield><qti_metadatafield><fieldlabel>qmd_displayid</fieldlabel><fieldentry>Online.Reference.FDREL225-1</fieldentry></qti_metadatafield></qtimetadata></itemmetadata><itemproc_extension><d2l_2p0:difficulty>1</d2l_2p0:difficulty><d2l_2p0:isbonus>no</d2l_2p0:isbonus><d2l_2p0:ismandatory>no</d2l_2p0:ismandatory></itemproc_extension><presentation><flow><material><mattext texttype="text/html">&lt;p&gt;&lt;span&gt;You should use the&amp;nbsp;Questions and Conversations board to post your class questions or concerns, unless they are of a personal nature.&lt;/span&gt;&lt;/p&gt;</mattext></material><response_extension><d2l_2p0:display_style>2</d2l_2p0:display_style><d2l_2p0:enumeration>6</d2l_2p0:enumeration><d2l_2p0:grading_type>0</d2l_2p0:grading_type></response_extension><response_lid ident="QUES_1383618_1532917_LID" rcardinality="Single"><render_choice shuffle="no"><flow_label class="Block"><response_label ident="QUES_1383618_1532917_A5075041"><flow_mat><material><mattext texttype="text/plain">True</mattext></material></flow_mat></response_label></flow_label><flow_label class="Block"><response_label ident="QUES_1383618_1532917_A5075042"><flow_mat><material><mattext texttype="text/plain">False</mattext></material></flow_mat></response_label></flow_label></render_choice></response_lid></flow></presentation><resprocessing><respcondition title="Response Condition 1"><conditionvar><varequal respident="QUES_1383618_1532917_LID">QUES_1383618_1532917_A5075041</varequal></conditionvar><setvar action="Set">100.000000000</setvar><displayfeedback feedbacktype="Response" linkrefid="QUES_1383618_1532917_IF5075041" /></respcondition><respcondition title="Response Condition 2"><conditionvar><varequal respident="QUES_1383618_1532917_LID">QUES_1383618_1532917_A5075042</varequal></conditionvar><setvar action="Set">0.000000000</setvar><displayfeedback feedbacktype="Response" linkrefid="QUES_1383618_1532917_IF5075042" /></respcondition></resprocessing><itemfeedback ident="QUES_1383618_1532917_IF5075041"><material><mattext texttype="text/plain" /></material></itemfeedback><itemfeedback ident="QUES_1383618_1532917_IF5075042"><material><mattext texttype="text/plain" /></material></itemfeedback></item><item ident="OBJ_7115820" label="QUES_1383619_1532918" d2l_2p0:page="1"><itemmetadata><qtimetadata><qti_metadatafield><fieldlabel>qmd_computerscored</fieldlabel><fieldentry>yes</fieldentry></qti_metadatafield><qti_metadatafield><fieldlabel>qmd_questiontype</fieldlabel><fieldentry>Multiple Choice</fieldentry></qti_metadatafield><qti_metadatafield><fieldlabel>qmd_weighting</fieldlabel><fieldentry>1.000000000</fieldentry></qti_metadatafield><qti_metadatafield><fieldlabel>qmd_globalid</fieldlabel><fieldentry>01de041a-0ccb-4662-8beb-b0e1c1328f84</fieldentry></qti_metadatafield><qti_metadatafield><fieldlabel>qmd_displayid</fieldlabel><fieldentry>Online.Reference.FDREL225-2</fieldentry></qti_metadatafield></qtimetadata></itemmetadata><itemproc_extension><d2l_2p0:difficulty>1</d2l_2p0:difficulty><d2l_2p0:isbonus>no</d2l_2p0:isbonus><d2l_2p0:ismandatory>no</d2l_2p0:ismandatory></itemproc_extension><presentation><flow><material><mattext texttype="text/html">&lt;p&gt;What is the penalty for turning in late work?&lt;/p&gt;</mattext></material><response_extension><d2l_2p0:display_style>2</d2l_2p0:display_style><d2l_2p0:enumeration>6</d2l_2p0:enumeration><d2l_2p0:grading_type>0</d2l_2p0:grading_type></response_extension><response_lid ident="QUES_1383619_1532918_LID" rcardinality="Single"><render_choice shuffle="no"><flow_label class="Block"><response_label ident="QUES_1383619_1532918_A5075043"><flow_mat><material><mattext texttype="text/html">&lt;p&gt;There is no penalty.&lt;/p&gt;</mattext></material></flow_mat></response_label></flow_label><flow_label class="Block"><response_label ident="QUES_1383619_1532918_A5075044"><flow_mat><material><mattext texttype="text/html">&lt;p&gt;Each day you lose 10% of your total grade on the assignment.&lt;/p&gt;</mattext></material></flow_mat></response_label></flow_label><flow_label class="Block"><response_label ident="QUES_1383619_1532918_A5075045"><flow_mat><material><mattext texttype="text/html">&lt;p&gt;No late work is accepted.&lt;/p&gt;</mattext></material></flow_mat></response_label></flow_label><flow_label class="Block"><response_label ident="QUES_1383619_1532918_A5075046"><flow_mat><material><mattext texttype="text/html">&lt;p&gt;Any and all late work submitted must be approved by the instructor beforehand, and is subject to a penalty as determined by them.&lt;/p&gt;</mattext></material></flow_mat></response_label></flow_label></render_choice></response_lid></flow></presentation><resprocessing><respcondition title="Response Condition 1"><conditionvar><varequal respident="QUES_1383619_1532918_LID">QUES_1383619_1532918_A5075043</varequal></conditionvar><setvar action="Set">0.000000000</setvar><displayfeedback feedbacktype="Response" linkrefid="QUES_1383619_1532918_IF5075043" /></respcondition><respcondition title="Response Condition 2"><conditionvar><varequal respident="QUES_1383619_1532918_LID">QUES_1383619_1532918_A5075044</varequal></conditionvar><setvar action="Set">0.000000000</setvar><displayfeedback feedbacktype="Response" linkrefid="QUES_1383619_1532918_IF5075044" /></respcondition><respcondition title="Response Condition 3"><conditionvar><varequal respident="QUES_1383619_1532918_LID">QUES_1383619_1532918_A5075045</varequal></conditionvar><setvar action="Set">50.000000000</setvar><displayfeedback feedbacktype="Response" linkrefid="QUES_1383619_1532918_IF5075045" /></respcondition><respcondition title="Response Condition 4"><conditionvar><varequal respident="QUES_1383619_1532918_LID">QUES_1383619_1532918_A5075046</varequal></conditionvar><setvar action="Set">100.000000000</setvar><displayfeedback feedbacktype="Response" linkrefid="QUES_1383619_1532918_IF5075046" /></respcondition></resprocessing><itemfeedback ident="QUES_1383619_1532918_IF5075043"><material><mattext texttype="text/plain" /></material></itemfeedback><itemfeedback ident="QUES_1383619_1532918_IF5075044"><material><mattext texttype="text/plain" /></material></itemfeedback><itemfeedback ident="QUES_1383619_1532918_IF5075045"><material><mattext texttype="text/plain" /></material></itemfeedback><itemfeedback ident="QUES_1383619_1532918_IF5075046"><material><mattext texttype="text/plain" /></material></itemfeedback></item><item ident="OBJ_7115821" label="QUES_1383620_1532919" d2l_2p0:page="1"><itemmetadata><qtimetadata><qti_metadatafield><fieldlabel>qmd_computerscored</fieldlabel><fieldentry>yes</fieldentry></qti_metadatafield><qti_metadatafield><fieldlabel>qmd_questiontype</fieldlabel><fieldentry>True/False</fieldentry></qti_metadatafield><qti_metadatafield><fieldlabel>qmd_weighting</fieldlabel><fieldentry>1.000000000</fieldentry></qti_metadatafield><qti_metadatafield><fieldlabel>qmd_globalid</fieldlabel><fieldentry>078a3fa8-4c32-4824-b894-14423e44ca0d</fieldentry></qti_metadatafield><qti_metadatafield><fieldlabel>qmd_displayid</fieldlabel><fieldentry>Online.Reference.FDREL225-4</fieldentry></qti_metadatafield></qtimetadata></itemmetadata><itemproc_extension><d2l_2p0:difficulty>1</d2l_2p0:difficulty><d2l_2p0:isbonus>no</d2l_2p0:isbonus><d2l_2p0:ismandatory>no</d2l_2p0:ismandatory></itemproc_extension><presentation><flow><material><mattext texttype="text/html">&lt;p&gt;&lt;span&gt;This course is an independent study course and requires no&amp;nbsp;cooperation with class members.&lt;/span&gt;&lt;/p&gt;</mattext></material><response_extension><d2l_2p0:display_style>2</d2l_2p0:display_style><d2l_2p0:enumeration>6</d2l_2p0:enumeration><d2l_2p0:grading_type>0</d2l_2p0:grading_type></response_extension><response_lid ident="QUES_1383620_1532919_LID" rcardinality="Single"><render_choice shuffle="no"><flow_label class="Block"><response_label ident="QUES_1383620_1532919_A5075047"><flow_mat><material><mattext texttype="text/plain">True</mattext></material></flow_mat></response_label></flow_label><flow_label class="Block"><response_label ident="QUES_1383620_1532919_A5075048"><flow_mat><material><mattext texttype="text/plain">False</mattext></material></flow_mat></response_label></flow_label></render_choice></response_lid></flow></presentation><resprocessing><respcondition title="Response Condition 1"><conditionvar><varequal respident="QUES_1383620_1532919_LID">QUES_1383620_1532919_A5075047</varequal></conditionvar><setvar action="Set">0.000000000</setvar><displayfeedback feedbacktype="Response" linkrefid="QUES_1383620_1532919_IF5075047" /></respcondition><respcondition title="Response Condition 2"><conditionvar><varequal respident="QUES_1383620_1532919_LID">QUES_1383620_1532919_A5075048</varequal></conditionvar><setvar action="Set">100.000000000</setvar><displayfeedback feedbacktype="Response" linkrefid="QUES_1383620_1532919_IF5075048" /></respcondition></resprocessing><itemfeedback ident="QUES_1383620_1532919_IF5075047"><material><mattext texttype="text/plain" /></material></itemfeedback><itemfeedback ident="QUES_1383620_1532919_IF5075048"><material><mattext texttype="text/plain" /></material></itemfeedback></item><item ident="OBJ_7115822" label="QUES_1383621_1532920" d2l_2p0:page="1"><itemmetadata><qtimetadata><qti_metadatafield><fieldlabel>qmd_computerscored</fieldlabel><fieldentry>yes</fieldentry></qti_metadatafield><qti_metadatafield><fieldlabel>qmd_questiontype</fieldlabel><fieldentry>Multiple Choice</fieldentry></qti_metadatafield><qti_metadatafield><fieldlabel>qmd_weighting</fieldlabel><fieldentry>1.000000000</fieldentry></qti_metadatafield><qti_metadatafield><fieldlabel>qmd_globalid</fieldlabel><fieldentry>14b4c96a-c9f8-4cb7-b34b-3472888c141d</fieldentry></qti_metadatafield><qti_metadatafield><fieldlabel>qmd_displayid</fieldlabel><fieldentry>Online.Reference.FDREL225-8</fieldentry></qti_metadatafield></qtimetadata></itemmetadata><itemproc_extension><d2l_2p0:difficulty>1</d2l_2p0:difficulty><d2l_2p0:isbonus>no</d2l_2p0:isbonus><d2l_2p0:ismandatory>no</d2l_2p0:ismandatory></itemproc_extension><presentation><flow><material><mattext texttype="text/html">&lt;p&gt;What other materials are required besides the LDS edition of the scriptures, access to a computer, and the internet?&lt;/p&gt;</mattext></material><response_extension><d2l_2p0:display_style>2</d2l_2p0:display_style><d2l_2p0:enumeration>6</d2l_2p0:enumeration><d2l_2p0:grading_type>0</d2l_2p0:grading_type></response_extension><response_lid ident="QUES_1383621_1532920_LID" rcardinality="Single"><render_choice shuffle="no"><flow_label class="Block"><response_label ident="QUES_1383621_1532920_A5075049"><flow_mat><material><mattext texttype="text/html">&lt;p&gt;No other materials are required.&lt;/p&gt;</mattext></material></flow_mat></response_label></flow_label><flow_label class="Block"><response_label ident="QUES_1383621_1532920_A5075050"><flow_mat><material><mattext texttype="text/html">&lt;p&gt;The Book of Mormon Institute Manual.&lt;/p&gt;</mattext></material></flow_mat></response_label></flow_label><flow_label class="Block"><response_label ident="QUES_1383621_1532920_A5075051"><flow_mat><material><mattext texttype="text/html">&lt;p&gt;A Book of Mormon commentary written for members of The Church of Jesus Christ of Latter-day Saints.&lt;/p&gt;</mattext></material></flow_mat></response_label></flow_label></render_choice></response_lid></flow></presentation><resprocessing><respcondition title="Response Condition 1"><conditionvar><varequal respident="QUES_1383621_1532920_LID">QUES_1383621_1532920_A5075049</varequal></conditionvar><setvar action="Set">100.000000000</setvar><displayfeedback feedbacktype="Response" linkrefid="QUES_1383621_1532920_IF5075049" /></respcondition><respcondition title="Response Condition 2"><conditionvar><varequal respident="QUES_1383621_1532920_LID">QUES_1383621_1532920_A5075050</varequal></conditionvar><setvar action="Set">0.000000000</setvar><displayfeedback feedbacktype="Response" linkrefid="QUES_1383621_1532920_IF5075050" /></respcondition><respcondition title="Response Condition 3"><conditionvar><varequal respident="QUES_1383621_1532920_LID">QUES_1383621_1532920_A5075051</varequal></conditionvar><setvar action="Set">0.000000000</setvar><displayfeedback feedbacktype="Response" linkrefid="QUES_1383621_1532920_IF5075051" /></respcondition></resprocessing><itemfeedback ident="QUES_1383621_1532920_IF5075049"><material><mattext texttype="text/plain" /></material></itemfeedback><itemfeedback ident="QUES_1383621_1532920_IF5075050"><material><mattext texttype="text/plain" /></material></itemfeedback><itemfeedback ident="QUES_1383621_1532920_IF5075051"><material><mattext texttype="text/plain" /></material></itemfeedback></item><item ident="OBJ_7115823" label="QUES_1383622_1532921" d2l_2p0:page="1"><itemmetadata><qtimetadata><qti_metadatafield><fieldlabel>qmd_computerscored</fieldlabel><fieldentry>yes</fieldentry></qti_metadatafield><qti_metadatafield><fieldlabel>qmd_questiontype</fieldlabel><fieldentry>True/False</fieldentry></qti_metadatafield><qti_metadatafield><fieldlabel>qmd_weighting</fieldlabel><fieldentry>1.000000000</fieldentry></qti_metadatafield><qti_metadatafield><fieldlabel>qmd_globalid</fieldlabel><fieldentry>be028a89-ded3-4395-ab15-3cc0d643299a</fieldentry></qti_metadatafield><qti_metadatafield><fieldlabel>qmd_displayid</fieldlabel><fieldentry>Online.Reference.FDREL225-5</fieldentry></qti_metadatafield></qtimetadata></itemmetadata><itemproc_extension><d2l_2p0:difficulty>1</d2l_2p0:difficulty><d2l_2p0:isbonus>no</d2l_2p0:isbonus><d2l_2p0:ismandatory>no</d2l_2p0:ismandatory></itemproc_extension><presentation><flow><material><mattext texttype="text/html">&lt;p&gt;&lt;span&gt;In class discussions/interactions, it is important to be kind, considerate, and respectful of differing viewpoints. Any violating of basic common courtesy&amp;mdash;including interaction with the instructor&amp;mdash;will negatively impact your grade.&lt;/span&gt;&lt;/p&gt;</mattext></material><response_extension><d2l_2p0:display_style>2</d2l_2p0:display_style><d2l_2p0:enumeration>6</d2l_2p0:enumeration><d2l_2p0:grading_type>0</d2l_2p0:grading_type></response_extension><response_lid ident="QUES_1383622_1532921_LID" rcardinality="Single"><render_choice shuffle="no"><flow_label class="Block"><response_label ident="QUES_1383622_1532921_A5075052"><flow_mat><material><mattext texttype="text/plain">True</mattext></material></flow_mat></response_label></flow_label><flow_label class="Block"><response_label ident="QUES_1383622_1532921_A5075053"><flow_mat><material><mattext texttype="text/plain">False</mattext></material></flow_mat></response_label></flow_label></render_choice></response_lid></flow></presentation><resprocessing><respcondition title="Response Condition 1"><conditionvar><varequal respident="QUES_1383622_1532921_LID">QUES_1383622_1532921_A5075052</varequal></conditionvar><setvar action="Set">100.000000000</setvar><displayfeedback feedbacktype="Response" linkrefid="QUES_1383622_1532921_IF5075052" /></respcondition><respcondition title="Response Condition 2"><conditionvar><varequal respident="QUES_1383622_1532921_LID">QUES_1383622_1532921_A5075053</varequal></conditionvar><setvar action="Set">0.000000000</setvar><displayfeedback feedbacktype="Response" linkrefid="QUES_1383622_1532921_IF5075053" /></respcondition></resprocessing><itemfeedback ident="QUES_1383622_1532921_IF5075052"><material><mattext texttype="text/plain" /></material></itemfeedback><itemfeedback ident="QUES_1383622_1532921_IF5075053"><material><mattext texttype="text/plain" /></material></itemfeedback></item><item ident="OBJ_7115824" label="QUES_1383623_1532922" d2l_2p0:page="1"><itemmetadata><qtimetadata><qti_metadatafield><fieldlabel>qmd_computerscored</fieldlabel><fieldentry>yes</fieldentry></qti_metadatafield><qti_metadatafield><fieldlabel>qmd_questiontype</fieldlabel><fieldentry>Multiple Choice</fieldentry></qti_metadatafield><qti_metadatafield><fieldlabel>qmd_weighting</fieldlabel><fieldentry>1.000000000</fieldentry></qti_metadatafield><qti_metadatafield><fieldlabel>qmd_globalid</fieldlabel><fieldentry>a13dba55-83ba-4680-ae7f-5cc427978ce7</fieldentry></qti_metadatafield><qti_metadatafield><fieldlabel>qmd_displayid</fieldlabel><fieldentry>Online.Reference.FDREL225-6</fieldentry></qti_metadatafield></qtimetadata></itemmetadata><itemproc_extension><d2l_2p0:difficulty>1</d2l_2p0:difficulty><d2l_2p0:isbonus>no</d2l_2p0:isbonus><d2l_2p0:ismandatory>no</d2l_2p0:ismandatory></itemproc_extension><presentation><flow><material><mattext texttype="text/html">&lt;p&gt;&lt;span&gt;How much time should you plan to spend on the course each week?&lt;/span&gt;&lt;/p&gt;</mattext></material><response_extension><d2l_2p0:display_style>2</d2l_2p0:display_style><d2l_2p0:enumeration>6</d2l_2p0:enumeration><d2l_2p0:grading_type>0</d2l_2p0:grading_type></response_extension><response_lid ident="QUES_1383623_1532922_LID" rcardinality="Single"><render_choice shuffle="no"><flow_label class="Block"><response_label ident="QUES_1383623_1532922_A5075054"><flow_mat><material><mattext texttype="text/html">&lt;p&gt;2&amp;ndash;3 hours&lt;/p&gt;</mattext></material></flow_mat></response_label></flow_label><flow_label class="Block"><response_label ident="QUES_1383623_1532922_A5075055"><flow_mat><material><mattext texttype="text/html">&lt;p&gt;4&amp;ndash;5 hours&lt;/p&gt;</mattext></material></flow_mat></response_label></flow_label><flow_label class="Block"><response_label ident="QUES_1383623_1532922_A5075056"><flow_mat><material><mattext texttype="text/html">&lt;p&gt;6&amp;ndash;8 hours&lt;/p&gt;</mattext></material></flow_mat></response_label></flow_label><flow_label class="Block"><response_label ident="QUES_1383623_1532922_A5075057"><flow_mat><material><mattext texttype="text/html">&lt;p&gt;9+ hours&lt;/p&gt;</mattext></material></flow_mat></response_label></flow_label></render_choice></response_lid></flow></presentation><resprocessing><respcondition title="Response Condition 1"><conditionvar><varequal respident="QUES_1383623_1532922_LID">QUES_1383623_1532922_A5075054</varequal></conditionvar><setvar action="Set">0.000000000</setvar><displayfeedback feedbacktype="Response" linkrefid="QUES_1383623_1532922_IF5075054" /></respcondition><respcondition title="Response Condition 2"><conditionvar><varequal respident="QUES_1383623_1532922_LID">QUES_1383623_1532922_A5075055</varequal></conditionvar><setvar action="Set">0.000000000</setvar><displayfeedback feedbacktype="Response" linkrefid="QUES_1383623_1532922_IF5075055" /></respcondition><respcondition title="Response Condition 3"><conditionvar><varequal respident="QUES_1383623_1532922_LID">QUES_1383623_1532922_A5075056</varequal></conditionvar><setvar action="Set">100.000000000</setvar><displayfeedback feedbacktype="Response" linkrefid="QUES_1383623_1532922_IF5075056" /></respcondition><respcondition title="Response Condition 4"><conditionvar><varequal respident="QUES_1383623_1532922_LID">QUES_1383623_1532922_A5075057</varequal></conditionvar><setvar action="Set">0.000000000</setvar><displayfeedback feedbacktype="Response" linkrefid="QUES_1383623_1532922_IF5075057" /></respcondition></resprocessing><itemfeedback ident="QUES_1383623_1532922_IF5075054"><material><mattext texttype="text/plain" /></material></itemfeedback><itemfeedback ident="QUES_1383623_1532922_IF5075055"><material><mattext texttype="text/plain" /></material></itemfeedback><itemfeedback ident="QUES_1383623_1532922_IF5075056"><material><mattext texttype="text/plain" /></material></itemfeedback><itemfeedback ident="QUES_1383623_1532922_IF5075057"><material><mattext texttype="text/plain" /></material></itemfeedback></item><item ident="OBJ_7115825" label="QUES_1383624_1532923" d2l_2p0:page="1"><itemmetadata><qtimetadata><qti_metadatafield><fieldlabel>qmd_computerscored</fieldlabel><fieldentry>yes</fieldentry></qti_metadatafield><qti_metadatafield><fieldlabel>qmd_questiontype</fieldlabel><fieldentry>Short Answer</fieldentry></qti_metadatafield><qti_metadatafield><fieldlabel>qmd_weighting</fieldlabel><fieldentry>2.000000000</fieldentry></qti_metadatafield><qti_metadatafield><fieldlabel>qmd_globalid</fieldlabel><fieldentry>7c5276f7-658e-41f7-b8ff-0256cb8432c2</fieldentry></qti_metadatafield><qti_metadatafield><fieldlabel>qmd_displayid</fieldlabel><fieldentry>Online.Reference.FDREL225-3</fieldentry></qti_metadatafield></qtimetadata></itemmetadata><itemproc_extension><d2l_2p0:difficulty>1</d2l_2p0:difficulty><d2l_2p0:isbonus>no</d2l_2p0:isbonus><d2l_2p0:ismandatory>no</d2l_2p0:ismandatory></itemproc_extension><presentation><flow><material><mattext texttype="text/html">&lt;p&gt;&lt;span&gt;What is one thing you will commit to doing throughout the semester that will help you and your classmates do well in the course? Explain.&lt;/span&gt;&lt;/p&gt;</mattext></material><response_str ident="QUES_1383624_1532923_A5075058_STR" rcardinality="Single"><render_fib rows="6" columns="60" prompt="Box" fibtype="String"><response_label ident="QUES_1383624_1532923_A5075058_ANS" /></render_fib></response_str></flow></presentation><resprocessing><outcomes><decvar vartype="Integer" minvalue="0" maxvalue="100" varname="Blank_1" /></outcomes><respcondition><conditionvar><varequal respident="QUES_1383624_1532923_A5075058_ANS" case="no">(?:\w+(?:\W+|$)){5}</varequal><var_extension><d2l_2p0:answer_is_regexp>yes</d2l_2p0:answer_is_regexp></var_extension></conditionvar><setvar action="Set">100.000000000</setvar></respcondition></resprocessing></item><item ident="OBJ_7115826" label="QUES_1383625_1532924" d2l_2p0:page="1"><itemmetadata><qtimetadata><qti_metadatafield><fieldlabel>qmd_computerscored</fieldlabel><fieldentry>yes</fieldentry></qti_metadatafield><qti_metadatafield><fieldlabel>qmd_questiontype</fieldlabel><fieldentry>Short Answer</fieldentry></qti_metadatafield><qti_metadatafield><fieldlabel>qmd_weighting</fieldlabel><fieldentry>2.000000000</fieldentry></qti_metadatafield><qti_metadatafield><fieldlabel>qmd_globalid</fieldlabel><fieldentry>45a01e19-2d0c-4206-8cac-4327555a126c</fieldentry></qti_metadatafield><qti_metadatafield><fieldlabel>qmd_displayid</fieldlabel><fieldentry>Online.Reference.FDREL225-7</fieldentry></qti_metadatafield></qtimetadata></itemmetadata><itemproc_extension><d2l_2p0:difficulty>1</d2l_2p0:difficulty><d2l_2p0:isbonus>no</d2l_2p0:isbonus><d2l_2p0:ismandatory>no</d2l_2p0:ismandatory></itemproc_extension><presentation><flow><material><mattext texttype="text/html">&lt;p&gt;How well do you think you will do in the course? Why?&lt;/p&gt;</mattext></material><response_str ident="QUES_1383625_1532924_A5075059_STR" rcardinality="Single"><render_fib rows="6" columns="60" prompt="Box" fibtype="String"><response_label ident="QUES_1383625_1532924_A5075059_ANS" /></render_fib></response_str></flow></presentation><resprocessing><outcomes><decvar vartype="Integer" minvalue="0" maxvalue="100" varname="Blank_1" /></outcomes><respcondition><conditionvar><varequal respident="QUES_1383625_1532924_A5075059_ANS" case="no">(?:\w+(?:\W+|$)){5}</varequal><var_extension><d2l_2p0:answer_is_regexp>yes</d2l_2p0:answer_is_regexp></var_extension></conditionvar><setvar action="Set">100.000000000</setvar></respcondition></resprocessing></item></section></assessment></questestinterop>