﻿<?xml version="1.0" encoding="UTF-8"?><questestinterop xmlns:d2l_2p0="http://desire2learn.com/xsd/d2lcp_v2p0"><assessment d2l_2p0:id="17" title="L08: Weekly Report" ident="res_quiz_370642" d2l_2p0:resource_code="byui_produ-336363"><rubric><flow_mat><material><mattext d2l_2p0:isdisplayed="no" texttype="text/html" /></material></flow_mat></rubric><assessmentcontrol hintswitch="no" solutionswitch="yes" feedbackswitch="no" /><presentation_material><flow_mat><material label="page header"><mattext d2l_2p0:isdisplayed="no" texttype="text/html" /></material><material label="page footer"><mattext d2l_2p0:isdisplayed="no" texttype="text/html" /></material></flow_mat></presentation_material><assess_procextension><d2l_2p0:intro_message d2l_2p0:isdisplayed="no" texttype="text/html" /><category ident="67673" d2l_2p0:sortorder="1">Weekly Reports</category><d2l_2p0:disable_right_click>yes</d2l_2p0:disable_right_click><d2l_2p0:disable_pager_access>yes</d2l_2p0:disable_pager_access><is_active>yes</is_active><d2l_2p0:date_start><d2l_2p0:timestamp><d2l_2p0:month>11</d2l_2p0:month><d2l_2p0:day>3</d2l_2p0:day><d2l_2p0:year>2016</d2l_2p0:year><d2l_2p0:hour>23</d2l_2p0:hour><d2l_2p0:minutes>0</d2l_2p0:minutes><d2l_2p0:seconds>0</d2l_2p0:seconds></d2l_2p0:timestamp></d2l_2p0:date_start><d2l_2p0:date_end><d2l_2p0:timestamp><d2l_2p0:month>11</d2l_2p0:month><d2l_2p0:day>7</d2l_2p0:day><d2l_2p0:year>2016</d2l_2p0:year><d2l_2p0:hour>8</d2l_2p0:hour><d2l_2p0:minutes>0</d2l_2p0:minutes><d2l_2p0:seconds>0</d2l_2p0:seconds></d2l_2p0:timestamp></d2l_2p0:date_end><d2l_2p0:has_schedule_event>yes</d2l_2p0:has_schedule_event><d2l_2p0:is_attempt_Rldb>no</d2l_2p0:is_attempt_Rldb><d2l_2p0:is_subview_Rldb>no</d2l_2p0:is_subview_Rldb><d2l_2p0:time_limit>120</d2l_2p0:time_limit><d2l_2p0:show_clock>no</d2l_2p0:show_clock><d2l_2p0:enforce_time_limit>no</d2l_2p0:enforce_time_limit><d2l_2p0:grace_period>5</d2l_2p0:grace_period><d2l_2p0:late_limit>0</d2l_2p0:late_limit><d2l_2p0:attempts_allowed>1</d2l_2p0:attempts_allowed><d2l_2p0:attempt_restrictions /><d2l_2p0:mark_calculation_type>1</d2l_2p0:mark_calculation_type><d2l_2p0:is_forward_only>no</d2l_2p0:is_forward_only></assess_procextension><assessfeedback title=""><rubric><flow_mat><material><mattext texttype="yes">Your quiz has been submitted successfully.</mattext></material></flow_mat></rubric><d2l_2p0:duration>0</d2l_2p0:duration><d2l_2p0:response_display_type_id>1</d2l_2p0:response_display_type_id><d2l_2p0:show_correct_answers>no</d2l_2p0:show_correct_answers><d2l_2p0:submission_restrictip>no</d2l_2p0:submission_restrictip><d2l_2p0:show_class_average>no</d2l_2p0:show_class_average><d2l_2p0:show_score_distribution>no</d2l_2p0:show_score_distribution></assessfeedback><assessfeedback title="Feedback View"><rubric><flow_mat><material><mattext texttype="yes" /></material></flow_mat></rubric><release_date><d2l_2p0:timestamp><d2l_2p0:month>11</d2l_2p0:month><d2l_2p0:day>7</d2l_2p0:day><d2l_2p0:year>2016</d2l_2p0:year><d2l_2p0:hour>8</d2l_2p0:hour><d2l_2p0:minutes>0</d2l_2p0:minutes><d2l_2p0:seconds>0</d2l_2p0:seconds></d2l_2p0:timestamp></release_date><d2l_2p0:duration>0</d2l_2p0:duration><d2l_2p0:response_display_type_id>2</d2l_2p0:response_display_type_id><d2l_2p0:show_correct_answers>no</d2l_2p0:show_correct_answers><d2l_2p0:submission_restrictip>no</d2l_2p0:submission_restrictip><d2l_2p0:show_class_average>no</d2l_2p0:show_class_average><d2l_2p0:show_score_distribution>no</d2l_2p0:show_score_distribution></assessfeedback><section ident="CONTAINER_SECTION"><item ident="OBJ_7115910" label="QUES_1383709_1533008" d2l_2p0:page="1" title="Learning Goal Focus"><itemmetadata><qtimetadata><qti_metadatafield><fieldlabel>qmd_computerscored</fieldlabel><fieldentry>yes</fieldentry></qti_metadatafield><qti_metadatafield><fieldlabel>qmd_questiontype</fieldlabel><fieldentry>Text Information</fieldentry></qti_metadatafield><qti_metadatafield><fieldlabel>qmd_globalid</fieldlabel><fieldentry>46109707-78f2-44e0-89ad-9d22fe21abdc</fieldentry></qti_metadatafield><qti_metadatafield><fieldlabel>qmd_displayid</fieldlabel><fieldentry>Online.Reference.FDREL225-347</fieldentry></qti_metadatafield></qtimetadata></itemmetadata><presentation><flow><material><mattext texttype="text/html">&lt;h2&gt;Learning Goal Focus&lt;/h2&gt;</mattext></material></flow></presentation></item><item ident="OBJ_7115911" label="QUES_1383710_1533009" d2l_2p0:page="1"><itemmetadata><qtimetadata><qti_metadatafield><fieldlabel>qmd_computerscored</fieldlabel><fieldentry>yes</fieldentry></qti_metadatafield><qti_metadatafield><fieldlabel>qmd_questiontype</fieldlabel><fieldentry>Short Answer</fieldentry></qti_metadatafield><qti_metadatafield><fieldlabel>qmd_weighting</fieldlabel><fieldentry>2.000000000</fieldentry></qti_metadatafield><qti_metadatafield><fieldlabel>qmd_globalid</fieldlabel><fieldentry>563cecf8-7ba7-4a76-82a4-74ddde713ba6</fieldentry></qti_metadatafield><qti_metadatafield><fieldlabel>qmd_displayid</fieldlabel><fieldentry>Online.Reference.FDREL225-348</fieldentry></qti_metadatafield></qtimetadata></itemmetadata><itemproc_extension><d2l_2p0:difficulty>3</d2l_2p0:difficulty><d2l_2p0:isbonus>no</d2l_2p0:isbonus><d2l_2p0:ismandatory>no</d2l_2p0:ismandatory></itemproc_extension><presentation><flow><material><mattext texttype="text/html">&lt;p&gt;&lt;span&gt;What did you do to focus on the chosen Course Outcome this week?&lt;/span&gt;&lt;/p&gt;</mattext></material><response_str ident="QUES_1383710_1533009_A5075194_STR" rcardinality="Single"><render_fib rows="3" columns="60" prompt="Box" fibtype="String"><response_label ident="QUES_1383710_1533009_A5075194_ANS" /></render_fib></response_str></flow></presentation><resprocessing><outcomes><decvar vartype="Integer" minvalue="0" maxvalue="100" varname="Blank_1" /></outcomes><respcondition><conditionvar><varequal respident="QUES_1383710_1533009_A5075194_ANS" case="no">(?:\w+(?:\W+|$)){5}</varequal><var_extension><d2l_2p0:answer_is_regexp>yes</d2l_2p0:answer_is_regexp></var_extension></conditionvar><setvar action="Set">100.000000000</setvar></respcondition></resprocessing></item><item ident="OBJ_7115912" label="QUES_1383711_1533010" d2l_2p0:page="1" title="Key Preparation Materials"><itemmetadata><qtimetadata><qti_metadatafield><fieldlabel>qmd_computerscored</fieldlabel><fieldentry>yes</fieldentry></qti_metadatafield><qti_metadatafield><fieldlabel>qmd_questiontype</fieldlabel><fieldentry>Text Information</fieldentry></qti_metadatafield><qti_metadatafield><fieldlabel>qmd_globalid</fieldlabel><fieldentry>aff7e209-e42f-4e03-8190-83b60194a6d3</fieldentry></qti_metadatafield><qti_metadatafield><fieldlabel>qmd_displayid</fieldlabel><fieldentry>Online.Reference.FDREL225-349</fieldentry></qti_metadatafield></qtimetadata></itemmetadata><presentation><flow><material><mattext texttype="text/html">&lt;h2&gt;&lt;span&gt;Key Preparation Materials&lt;/span&gt;&lt;/h2&gt;</mattext></material></flow></presentation></item><item ident="OBJ_7115913" label="QUES_1383712_1533011" d2l_2p0:page="1"><itemmetadata><qtimetadata><qti_metadatafield><fieldlabel>qmd_computerscored</fieldlabel><fieldentry>yes</fieldentry></qti_metadatafield><qti_metadatafield><fieldlabel>qmd_questiontype</fieldlabel><fieldentry>Multiple Choice</fieldentry></qti_metadatafield><qti_metadatafield><fieldlabel>qmd_weighting</fieldlabel><fieldentry>20.000000000</fieldentry></qti_metadatafield><qti_metadatafield><fieldlabel>qmd_globalid</fieldlabel><fieldentry>fb02f596-0c52-4661-87d6-451ef7b5932a</fieldentry></qti_metadatafield><qti_metadatafield><fieldlabel>qmd_displayid</fieldlabel><fieldentry>Online.Reference.FDREL225-350</fieldentry></qti_metadatafield></qtimetadata></itemmetadata><itemproc_extension><d2l_2p0:difficulty>3</d2l_2p0:difficulty><d2l_2p0:isbonus>no</d2l_2p0:isbonus><d2l_2p0:ismandatory>no</d2l_2p0:ismandatory></itemproc_extension><presentation><flow><material><mattext texttype="text/html">&lt;p&gt;&lt;span&gt;Did you complete the Key Preparation Materials 1 and use what you learned to participate in the other activities this week?&amp;nbsp;&lt;/span&gt;&lt;/p&gt;</mattext></material><response_extension><d2l_2p0:display_style>2</d2l_2p0:display_style><d2l_2p0:enumeration>6</d2l_2p0:enumeration><d2l_2p0:grading_type>0</d2l_2p0:grading_type></response_extension><response_lid ident="QUES_1383712_1533011_LID" rcardinality="Single"><render_choice shuffle="no"><flow_label class="Block"><response_label ident="QUES_1383712_1533011_A5075196"><flow_mat><material><mattext texttype="text/html">&lt;p&gt;Yes&lt;/p&gt;</mattext></material></flow_mat></response_label></flow_label><flow_label class="Block"><response_label ident="QUES_1383712_1533011_A5075197"><flow_mat><material><mattext texttype="text/html">&lt;p&gt;Partially&lt;/p&gt;</mattext></material></flow_mat></response_label></flow_label><flow_label class="Block"><response_label ident="QUES_1383712_1533011_A5075198"><flow_mat><material><mattext texttype="text/html">&lt;p&gt;No&lt;/p&gt;</mattext></material></flow_mat></response_label></flow_label></render_choice></response_lid></flow></presentation><resprocessing><respcondition title="Response Condition 1"><conditionvar><varequal respident="QUES_1383712_1533011_LID">QUES_1383712_1533011_A5075196</varequal></conditionvar><setvar action="Set">100.000000000</setvar><displayfeedback feedbacktype="Response" linkrefid="QUES_1383712_1533011_IF5075196" /></respcondition><respcondition title="Response Condition 2"><conditionvar><varequal respident="QUES_1383712_1533011_LID">QUES_1383712_1533011_A5075197</varequal></conditionvar><setvar action="Set">50.000000000</setvar><displayfeedback feedbacktype="Response" linkrefid="QUES_1383712_1533011_IF5075197" /></respcondition><respcondition title="Response Condition 3"><conditionvar><varequal respident="QUES_1383712_1533011_LID">QUES_1383712_1533011_A5075198</varequal></conditionvar><setvar action="Set">0.000000000</setvar><displayfeedback feedbacktype="Response" linkrefid="QUES_1383712_1533011_IF5075198" /></respcondition></resprocessing><itemfeedback ident="QUES_1383712_1533011_IF5075196"><material><mattext texttype="text/plain" /></material></itemfeedback><itemfeedback ident="QUES_1383712_1533011_IF5075197"><material><mattext texttype="text/plain" /></material></itemfeedback><itemfeedback ident="QUES_1383712_1533011_IF5075198"><material><mattext texttype="text/plain" /></material></itemfeedback></item><item ident="OBJ_7115914" label="QUES_1383713_1533012" d2l_2p0:page="1"><itemmetadata><qtimetadata><qti_metadatafield><fieldlabel>qmd_computerscored</fieldlabel><fieldentry>yes</fieldentry></qti_metadatafield><qti_metadatafield><fieldlabel>qmd_questiontype</fieldlabel><fieldentry>Multiple Choice</fieldentry></qti_metadatafield><qti_metadatafield><fieldlabel>qmd_weighting</fieldlabel><fieldentry>20.000000000</fieldentry></qti_metadatafield><qti_metadatafield><fieldlabel>qmd_globalid</fieldlabel><fieldentry>a2e226d1-50c4-4359-ab25-6d01c50d8568</fieldentry></qti_metadatafield><qti_metadatafield><fieldlabel>qmd_displayid</fieldlabel><fieldentry>Online.Reference.FDREL225-351</fieldentry></qti_metadatafield></qtimetadata></itemmetadata><itemproc_extension><d2l_2p0:difficulty>3</d2l_2p0:difficulty><d2l_2p0:isbonus>no</d2l_2p0:isbonus><d2l_2p0:ismandatory>no</d2l_2p0:ismandatory></itemproc_extension><presentation><flow><material><mattext texttype="text/html">&lt;p&gt;&lt;span&gt;Did you complete the Key Preparation Materials 2&amp;nbsp;and use what you learned to participate in the other activities this week?&amp;nbsp;&lt;/span&gt;&lt;/p&gt;</mattext></material><response_extension><d2l_2p0:display_style>2</d2l_2p0:display_style><d2l_2p0:enumeration>6</d2l_2p0:enumeration><d2l_2p0:grading_type>0</d2l_2p0:grading_type></response_extension><response_lid ident="QUES_1383713_1533012_LID" rcardinality="Single"><render_choice shuffle="no"><flow_label class="Block"><response_label ident="QUES_1383713_1533012_A5075199"><flow_mat><material><mattext texttype="text/html">&lt;p&gt;Yes&lt;/p&gt;</mattext></material></flow_mat></response_label></flow_label><flow_label class="Block"><response_label ident="QUES_1383713_1533012_A5075200"><flow_mat><material><mattext texttype="text/html">&lt;p&gt;Partially&lt;/p&gt;</mattext></material></flow_mat></response_label></flow_label><flow_label class="Block"><response_label ident="QUES_1383713_1533012_A5075201"><flow_mat><material><mattext texttype="text/html">&lt;p&gt;No&lt;/p&gt;</mattext></material></flow_mat></response_label></flow_label></render_choice></response_lid></flow></presentation><resprocessing><respcondition title="Response Condition 1"><conditionvar><varequal respident="QUES_1383713_1533012_LID">QUES_1383713_1533012_A5075199</varequal></conditionvar><setvar action="Set">100.000000000</setvar><displayfeedback feedbacktype="Response" linkrefid="QUES_1383713_1533012_IF5075199" /></respcondition><respcondition title="Response Condition 2"><conditionvar><varequal respident="QUES_1383713_1533012_LID">QUES_1383713_1533012_A5075200</varequal></conditionvar><setvar action="Set">50.000000000</setvar><displayfeedback feedbacktype="Response" linkrefid="QUES_1383713_1533012_IF5075200" /></respcondition><respcondition title="Response Condition 3"><conditionvar><varequal respident="QUES_1383713_1533012_LID">QUES_1383713_1533012_A5075201</varequal></conditionvar><setvar action="Set">0.000000000</setvar><displayfeedback feedbacktype="Response" linkrefid="QUES_1383713_1533012_IF5075201" /></respcondition></resprocessing><itemfeedback ident="QUES_1383713_1533012_IF5075199"><material><mattext texttype="text/plain" /></material></itemfeedback><itemfeedback ident="QUES_1383713_1533012_IF5075200"><material><mattext texttype="text/plain" /></material></itemfeedback><itemfeedback ident="QUES_1383713_1533012_IF5075201"><material><mattext texttype="text/plain" /></material></itemfeedback></item><item ident="OBJ_7115915" label="QUES_1383714_1533013" d2l_2p0:page="1" title="Sharing Insights on the CPT Board"><itemmetadata><qtimetadata><qti_metadatafield><fieldlabel>qmd_computerscored</fieldlabel><fieldentry>yes</fieldentry></qti_metadatafield><qti_metadatafield><fieldlabel>qmd_questiontype</fieldlabel><fieldentry>Text Information</fieldentry></qti_metadatafield><qti_metadatafield><fieldlabel>qmd_globalid</fieldlabel><fieldentry>2d6d3dda-0e4e-42f7-b281-5315645ad3f1</fieldentry></qti_metadatafield><qti_metadatafield><fieldlabel>qmd_displayid</fieldlabel><fieldentry>Online.Reference.FDREL225-251</fieldentry></qti_metadatafield></qtimetadata></itemmetadata><presentation><flow><material><mattext texttype="text/html">&lt;h2&gt;Sharing Insights on the CPT Board&lt;/h2&gt;</mattext></material></flow></presentation></item><item ident="OBJ_7115916" label="QUES_1383715_1533014" d2l_2p0:page="1"><itemmetadata><qtimetadata><qti_metadatafield><fieldlabel>qmd_computerscored</fieldlabel><fieldentry>yes</fieldentry></qti_metadatafield><qti_metadatafield><fieldlabel>qmd_questiontype</fieldlabel><fieldentry>Short Answer</fieldentry></qti_metadatafield><qti_metadatafield><fieldlabel>qmd_weighting</fieldlabel><fieldentry>5.000000000</fieldentry></qti_metadatafield><qti_metadatafield><fieldlabel>qmd_globalid</fieldlabel><fieldentry>5e7a7faf-b842-4cce-b8b7-29885e3f3832</fieldentry></qti_metadatafield><qti_metadatafield><fieldlabel>qmd_displayid</fieldlabel><fieldentry>Online.Reference.FDREL225-76</fieldentry></qti_metadatafield></qtimetadata></itemmetadata><itemproc_extension><d2l_2p0:difficulty>3</d2l_2p0:difficulty><d2l_2p0:isbonus>no</d2l_2p0:isbonus><d2l_2p0:ismandatory>no</d2l_2p0:ismandatory></itemproc_extension><presentation><flow><material><mattext texttype="text/html">&lt;p&gt;&lt;span&gt;What was the greatest thing you learned from the others on the CPT board this week?&lt;/span&gt;&lt;/p&gt;</mattext></material><response_str ident="QUES_1383715_1533014_A5075203_STR" rcardinality="Single"><render_fib rows="3" columns="60" prompt="Box" fibtype="String"><response_label ident="QUES_1383715_1533014_A5075203_ANS" /></render_fib></response_str></flow></presentation><resprocessing><outcomes><decvar vartype="Integer" minvalue="0" maxvalue="100" varname="Blank_1" /></outcomes><respcondition><conditionvar><varequal respident="QUES_1383715_1533014_A5075203_ANS" case="no">(?:\w+(?:\W+|$)){5}</varequal><var_extension><d2l_2p0:answer_is_regexp>yes</d2l_2p0:answer_is_regexp></var_extension></conditionvar><setvar action="Set">100.000000000</setvar></respcondition></resprocessing></item><item ident="OBJ_7115917" label="QUES_1383716_1533015" d2l_2p0:page="1" title="Synthesis Project"><itemmetadata><qtimetadata><qti_metadatafield><fieldlabel>qmd_computerscored</fieldlabel><fieldentry>yes</fieldentry></qti_metadatafield><qti_metadatafield><fieldlabel>qmd_questiontype</fieldlabel><fieldentry>Text Information</fieldentry></qti_metadatafield><qti_metadatafield><fieldlabel>qmd_globalid</fieldlabel><fieldentry>e5429df6-71fd-4108-b6a7-3b82c9f8f301</fieldentry></qti_metadatafield><qti_metadatafield><fieldlabel>qmd_displayid</fieldlabel><fieldentry>Online.Reference.FDREL225-352</fieldentry></qti_metadatafield></qtimetadata></itemmetadata><presentation><flow><material><mattext texttype="text/html">&lt;h2&gt;Synthesis Project&lt;/h2&gt;</mattext></material></flow></presentation></item><item ident="OBJ_7115918" label="QUES_1383717_1533016" d2l_2p0:page="1"><itemmetadata><qtimetadata><qti_metadatafield><fieldlabel>qmd_computerscored</fieldlabel><fieldentry>yes</fieldentry></qti_metadatafield><qti_metadatafield><fieldlabel>qmd_questiontype</fieldlabel><fieldentry>Short Answer</fieldentry></qti_metadatafield><qti_metadatafield><fieldlabel>qmd_weighting</fieldlabel><fieldentry>1.000000000</fieldentry></qti_metadatafield><qti_metadatafield><fieldlabel>qmd_globalid</fieldlabel><fieldentry>2948afea-ea18-4813-a3c9-4462e27b8fbd</fieldentry></qti_metadatafield><qti_metadatafield><fieldlabel>qmd_displayid</fieldlabel><fieldentry>Online.Reference.FDREL225-369</fieldentry></qti_metadatafield></qtimetadata></itemmetadata><itemproc_extension><d2l_2p0:difficulty>3</d2l_2p0:difficulty><d2l_2p0:isbonus>no</d2l_2p0:isbonus><d2l_2p0:ismandatory>no</d2l_2p0:ismandatory></itemproc_extension><presentation><flow><material><mattext texttype="text/html">&lt;p&gt;&lt;span&gt;Did you keep your commitment to your team this week?&lt;/span&gt;&lt;/p&gt;</mattext></material><response_str ident="QUES_1383717_1533016_A5075205_STR" rcardinality="Single"><render_fib rows="3" columns="60" prompt="Box" fibtype="String"><response_label ident="QUES_1383717_1533016_A5075205_ANS" /></render_fib></response_str></flow></presentation><resprocessing><outcomes><decvar vartype="Integer" minvalue="0" maxvalue="100" varname="Blank_1" /></outcomes><respcondition><conditionvar><varequal respident="QUES_1383717_1533016_A5075205_ANS" case="no">(?:\w+(?:\W+|$)){5}</varequal><var_extension><d2l_2p0:answer_is_regexp>yes</d2l_2p0:answer_is_regexp></var_extension></conditionvar><setvar action="Set">100.000000000</setvar></respcondition></resprocessing></item><item ident="OBJ_7115919" label="QUES_1383718_1533017" d2l_2p0:page="1"><itemmetadata><qtimetadata><qti_metadatafield><fieldlabel>qmd_computerscored</fieldlabel><fieldentry>yes</fieldentry></qti_metadatafield><qti_metadatafield><fieldlabel>qmd_questiontype</fieldlabel><fieldentry>Short Answer</fieldentry></qti_metadatafield><qti_metadatafield><fieldlabel>qmd_weighting</fieldlabel><fieldentry>1.000000000</fieldentry></qti_metadatafield><qti_metadatafield><fieldlabel>qmd_globalid</fieldlabel><fieldentry>3f7a7f13-8fc6-4115-8200-de263e29a6ef</fieldentry></qti_metadatafield><qti_metadatafield><fieldlabel>qmd_displayid</fieldlabel><fieldentry>Online.Reference.FDREL225-370</fieldentry></qti_metadatafield></qtimetadata></itemmetadata><itemproc_extension><d2l_2p0:difficulty>1</d2l_2p0:difficulty><d2l_2p0:isbonus>no</d2l_2p0:isbonus><d2l_2p0:ismandatory>no</d2l_2p0:ismandatory></itemproc_extension><presentation><flow><material><mattext texttype="text/html">&lt;p&gt;&lt;span&gt;What insights&amp;nbsp;are your teammates helping you to see with this project?&lt;/span&gt;&lt;/p&gt;</mattext></material><response_str ident="QUES_1383718_1533017_A5075206_STR" rcardinality="Single"><render_fib rows="3" columns="60" prompt="Box" fibtype="String"><response_label ident="QUES_1383718_1533017_A5075206_ANS" /></render_fib></response_str></flow></presentation><resprocessing><outcomes><decvar vartype="Integer" minvalue="0" maxvalue="100" varname="Blank_1" /></outcomes><respcondition><conditionvar><varequal respident="QUES_1383718_1533017_A5075206_ANS" case="no">(?:\w+(?:\W+|$)){5}</varequal><var_extension><d2l_2p0:answer_is_regexp>yes</d2l_2p0:answer_is_regexp></var_extension></conditionvar><setvar action="Set">100.000000000</setvar></respcondition></resprocessing></item><item ident="OBJ_7115920" label="QUES_1383719_1533018" d2l_2p0:page="1" title="Binder Submission"><itemmetadata><qtimetadata><qti_metadatafield><fieldlabel>qmd_computerscored</fieldlabel><fieldentry>yes</fieldentry></qti_metadatafield><qti_metadatafield><fieldlabel>qmd_questiontype</fieldlabel><fieldentry>Text Information</fieldentry></qti_metadatafield><qti_metadatafield><fieldlabel>qmd_globalid</fieldlabel><fieldentry>688009a2-4694-4c7b-9d6a-66cc06ebf634</fieldentry></qti_metadatafield><qti_metadatafield><fieldlabel>qmd_displayid</fieldlabel><fieldentry>Online.Reference.FDREL225-357</fieldentry></qti_metadatafield></qtimetadata></itemmetadata><presentation><flow><material><mattext texttype="text/html">&lt;h2&gt;Binder Submission&lt;/h2&gt;</mattext></material></flow></presentation></item><item ident="OBJ_7115921" label="QUES_1383720_1533019" d2l_2p0:page="1"><itemmetadata><qtimetadata><qti_metadatafield><fieldlabel>qmd_computerscored</fieldlabel><fieldentry>yes</fieldentry></qti_metadatafield><qti_metadatafield><fieldlabel>qmd_questiontype</fieldlabel><fieldentry>True/False</fieldentry></qti_metadatafield><qti_metadatafield><fieldlabel>qmd_weighting</fieldlabel><fieldentry>1.000000000</fieldentry></qti_metadatafield><qti_metadatafield><fieldlabel>qmd_globalid</fieldlabel><fieldentry>4c475fd5-e021-4831-b4a7-531af35ee79b</fieldentry></qti_metadatafield><qti_metadatafield><fieldlabel>qmd_displayid</fieldlabel><fieldentry>Online.Reference.FDREL225-358</fieldentry></qti_metadatafield></qtimetadata></itemmetadata><itemproc_extension><d2l_2p0:difficulty>3</d2l_2p0:difficulty><d2l_2p0:isbonus>no</d2l_2p0:isbonus><d2l_2p0:ismandatory>no</d2l_2p0:ismandatory></itemproc_extension><presentation><flow><material><mattext texttype="text/html">&lt;p&gt;&lt;span&gt;Did you copy your best work to your binder this week?&lt;/span&gt;&lt;/p&gt;</mattext></material><response_extension><d2l_2p0:display_style>2</d2l_2p0:display_style><d2l_2p0:enumeration>6</d2l_2p0:enumeration><d2l_2p0:grading_type>0</d2l_2p0:grading_type></response_extension><response_lid ident="QUES_1383720_1533019_LID" rcardinality="Single"><render_choice shuffle="no"><flow_label class="Block"><response_label ident="QUES_1383720_1533019_A5075208"><flow_mat><material><mattext texttype="text/plain">True</mattext></material></flow_mat></response_label></flow_label><flow_label class="Block"><response_label ident="QUES_1383720_1533019_A5075209"><flow_mat><material><mattext texttype="text/plain">False</mattext></material></flow_mat></response_label></flow_label></render_choice></response_lid></flow></presentation><resprocessing><respcondition title="Response Condition 1"><conditionvar><varequal respident="QUES_1383720_1533019_LID">QUES_1383720_1533019_A5075208</varequal></conditionvar><setvar action="Set">100.000000000</setvar><displayfeedback feedbacktype="Response" linkrefid="QUES_1383720_1533019_IF5075208" /></respcondition><respcondition title="Response Condition 2"><conditionvar><varequal respident="QUES_1383720_1533019_LID">QUES_1383720_1533019_A5075209</varequal></conditionvar><setvar action="Set">0.000000000</setvar><displayfeedback feedbacktype="Response" linkrefid="QUES_1383720_1533019_IF5075209" /></respcondition></resprocessing><itemfeedback ident="QUES_1383720_1533019_IF5075208"><material><mattext texttype="text/plain" /></material></itemfeedback><itemfeedback ident="QUES_1383720_1533019_IF5075209"><material><mattext texttype="text/plain" /></material></itemfeedback></item></section></assessment></questestinterop>