﻿<?xml version="1.0" encoding="UTF-8"?><questestinterop xmlns:d2l_2p0="http://desire2learn.com/xsd/d2lcp_v2p0"><assessment d2l_2p0:id="9" title="Simulation Quiz" ident="res_quiz_370626" d2l_2p0:resource_code="byui_produ-156154,byui_produ-156566,byui_produ-34940,byui_produ-67896,byui_produ-67938,byui_produ-71257,byui_produ-71409,byui_produ-91046,byui_produ-91053,byui_produ-91059,byui_produ-91065,byui_produ-91112,byui_produ-91196,byui_produ-91204,byui_produ-91539,byui_produ-91742,byui_produ-91750,byui_produ-91757,byui_produ-91970,byui_produ-92120,byui_produ-92127,byui_produ-92135,byui_produ-92141,byui_produ-92147,byui_produ-92210,byui_produ-92221,byui_produ-92232,byui_produ-92239,byui_produ-92279,byui_produ-92287,byui_produ-92294,byui_produ-92300,byui_produ-92317,byui_produ-92336,byui_produ-92464,byui_produ-93061,byui_produ-93611,byui_produ-93617,byui_produ-93623,byui_produ-93629,byui_produ-93635,byui_produ-93641,byui_produ-93647,byui_produ-93658,byui_produ-93664,byui_produ-93670,byui_produ-93676,byui_produ-93682,byui_produ-93821,byui_produ-93833,byui_produ-93840,byui_produ-93850,byui_produ-93857,byui_produ-93865,byui_produ-93872,byui_produ-93878,byui_produ-93884,byui_produ-93890,byui_produ-93898,byui_produ-93904,byui_produ-93911,byui_produ-98722,D2L_Academ-51431"><rubric><flow_mat><material><mattext d2l_2p0:isdisplayed="yes" texttype="text/html">&lt;p&gt;&lt;span style="font-size: 10pt;"&gt;You are about to take a Simulation Quiz. &lt;/span&gt;&lt;span style="font-size: 10pt;"&gt;This is your opportunity to practice.&lt;/span&gt;&lt;/p&gt;
&lt;p&gt;&lt;span style="font-size: 10pt;"&gt;Don't take it too seriously! When you are done the quiz please return to the content tool accessible using the navigation bar.&lt;/span&gt;&lt;/p&gt;</mattext></material></flow_mat></rubric><assessmentcontrol hintswitch="no" solutionswitch="yes" feedbackswitch="no" /><presentation_material><flow_mat><material label="page header"><mattext d2l_2p0:isdisplayed="no" texttype="text/html" /></material><material label="page footer"><mattext d2l_2p0:isdisplayed="no" texttype="text/html" /></material></flow_mat></presentation_material><assess_procextension><d2l_2p0:intro_message d2l_2p0:isdisplayed="no" texttype="text/html">&lt;p&gt;You are about to take a Simulation Quiz. This is your opportunity to practice. When you are done the quiz please return to the content tool accessible using the navigation bar.&lt;/p&gt;</d2l_2p0:intro_message><category ident="10445" d2l_2p0:sortorder="1">Simulation</category><d2l_2p0:disable_right_click>no</d2l_2p0:disable_right_click><d2l_2p0:disable_pager_access>no</d2l_2p0:disable_pager_access><is_active>yes</is_active><d2l_2p0:date_start /><d2l_2p0:date_end /><d2l_2p0:has_schedule_event>no</d2l_2p0:has_schedule_event><d2l_2p0:is_attempt_Rldb>no</d2l_2p0:is_attempt_Rldb><d2l_2p0:is_subview_Rldb>no</d2l_2p0:is_subview_Rldb><d2l_2p0:time_limit>120</d2l_2p0:time_limit><d2l_2p0:show_clock>no</d2l_2p0:show_clock><d2l_2p0:enforce_time_limit>no</d2l_2p0:enforce_time_limit><d2l_2p0:grace_period>5</d2l_2p0:grace_period><d2l_2p0:late_limit>0</d2l_2p0:late_limit><d2l_2p0:attempts_allowed>0</d2l_2p0:attempts_allowed><d2l_2p0:attempt_restrictions /><d2l_2p0:mark_calculation_type>1</d2l_2p0:mark_calculation_type><d2l_2p0:is_forward_only>no</d2l_2p0:is_forward_only></assess_procextension><assessfeedback title=""><rubric><flow_mat><material><mattext texttype="yes">Your quiz has been submitted successfully.</mattext></material></flow_mat></rubric><d2l_2p0:duration>0</d2l_2p0:duration><d2l_2p0:response_display_type_id>1</d2l_2p0:response_display_type_id><d2l_2p0:show_correct_answers>no</d2l_2p0:show_correct_answers><d2l_2p0:submission_restrictip>no</d2l_2p0:submission_restrictip><d2l_2p0:show_class_average>no</d2l_2p0:show_class_average><d2l_2p0:show_score_distribution>no</d2l_2p0:show_score_distribution></assessfeedback><assessfeedback title="Student View 2"><rubric><flow_mat><material><mattext texttype="yes" /></material></flow_mat></rubric><release_date><d2l_2p0:timestamp><d2l_2p0:month>8</d2l_2p0:month><d2l_2p0:day>25</d2l_2p0:day><d2l_2p0:year>2014</d2l_2p0:year><d2l_2p0:hour>17</d2l_2p0:hour><d2l_2p0:minutes>8</d2l_2p0:minutes><d2l_2p0:seconds>0</d2l_2p0:seconds></d2l_2p0:timestamp></release_date><d2l_2p0:duration>0</d2l_2p0:duration><d2l_2p0:response_display_type_id>2</d2l_2p0:response_display_type_id><d2l_2p0:show_correct_answers>yes</d2l_2p0:show_correct_answers><d2l_2p0:submission_restrictip>no</d2l_2p0:submission_restrictip><d2l_2p0:show_class_average>no</d2l_2p0:show_class_average><d2l_2p0:show_score_distribution>no</d2l_2p0:show_score_distribution></assessfeedback><section ident="CONTAINER_SECTION"><item ident="OBJ_7115533" label="QUES_1383613_1532912" d2l_2p0:page="1"><itemmetadata><qtimetadata><qti_metadatafield><fieldlabel>qmd_computerscored</fieldlabel><fieldentry>yes</fieldentry></qti_metadatafield><qti_metadatafield><fieldlabel>qmd_questiontype</fieldlabel><fieldentry>True/False</fieldentry></qti_metadatafield><qti_metadatafield><fieldlabel>qmd_weighting</fieldlabel><fieldentry>1.000000000</fieldentry></qti_metadatafield><qti_metadatafield><fieldlabel>qmd_globalid</fieldlabel><fieldentry>995204ea-f541-4b35-8d3e-155535df3a82</fieldentry></qti_metadatafield><qti_metadatafield><fieldlabel>qmd_displayid</fieldlabel><fieldentry>D2LSIM-CO-9</fieldentry></qti_metadatafield></qtimetadata></itemmetadata><itemproc_extension><d2l_2p0:difficulty>1</d2l_2p0:difficulty><d2l_2p0:isbonus>no</d2l_2p0:isbonus><d2l_2p0:ismandatory>no</d2l_2p0:ismandatory></itemproc_extension><presentation><flow><material><mattext texttype="text/html">&lt;p&gt;BYU-Idaho was founded in 1881.&lt;/p&gt;</mattext></material><response_extension><d2l_2p0:display_style>2</d2l_2p0:display_style><d2l_2p0:enumeration>6</d2l_2p0:enumeration><d2l_2p0:grading_type>0</d2l_2p0:grading_type></response_extension><response_lid ident="QUES_1383613_1532912_LID" rcardinality="Single"><render_choice shuffle="no"><flow_label class="Block"><response_label ident="QUES_1383613_1532912_A5075023"><flow_mat><material><mattext texttype="text/plain">True</mattext></material></flow_mat></response_label></flow_label><flow_label class="Block"><response_label ident="QUES_1383613_1532912_A5075024"><flow_mat><material><mattext texttype="text/plain">False</mattext></material></flow_mat></response_label></flow_label></render_choice></response_lid></flow></presentation><resprocessing><respcondition title="Response Condition 1"><conditionvar><varequal respident="QUES_1383613_1532912_LID">QUES_1383613_1532912_A5075023</varequal></conditionvar><setvar action="Set">0.000000000</setvar><displayfeedback feedbacktype="Response" linkrefid="QUES_1383613_1532912_IF5075023" /></respcondition><respcondition title="Response Condition 2"><conditionvar><varequal respident="QUES_1383613_1532912_LID">QUES_1383613_1532912_A5075024</varequal></conditionvar><setvar action="Set">100.000000000</setvar><displayfeedback feedbacktype="Response" linkrefid="QUES_1383613_1532912_IF5075024" /></respcondition></resprocessing><itemfeedback ident="QUES_1383613_1532912_IF5075023"><material><mattext texttype="text/plain" /></material></itemfeedback><itemfeedback ident="QUES_1383613_1532912_IF5075024"><material><mattext texttype="text/plain" /></material></itemfeedback></item><item ident="OBJ_7115534" label="QUES_1383614_1532913" d2l_2p0:page="1"><itemmetadata><qtimetadata><qti_metadatafield><fieldlabel>qmd_computerscored</fieldlabel><fieldentry>yes</fieldentry></qti_metadatafield><qti_metadatafield><fieldlabel>qmd_questiontype</fieldlabel><fieldentry>Multiple Choice</fieldentry></qti_metadatafield><qti_metadatafield><fieldlabel>qmd_weighting</fieldlabel><fieldentry>1.000000000</fieldentry></qti_metadatafield><qti_metadatafield><fieldlabel>qmd_globalid</fieldlabel><fieldentry>54e92f71-a948-44f1-83d1-de542e246c20</fieldentry></qti_metadatafield><qti_metadatafield><fieldlabel>qmd_displayid</fieldlabel><fieldentry>D2LSIM-CO-39</fieldentry></qti_metadatafield></qtimetadata></itemmetadata><itemproc_extension><d2l_2p0:difficulty>1</d2l_2p0:difficulty><d2l_2p0:isbonus>no</d2l_2p0:isbonus><d2l_2p0:ismandatory>no</d2l_2p0:ismandatory></itemproc_extension><presentation><flow><material><mattext texttype="text/html">&lt;p&gt;Which of the following national parks is nearest BYU-Idaho?&lt;/p&gt;</mattext></material><response_extension><d2l_2p0:display_style>2</d2l_2p0:display_style><d2l_2p0:enumeration>6</d2l_2p0:enumeration><d2l_2p0:grading_type>0</d2l_2p0:grading_type></response_extension><response_lid ident="QUES_1383614_1532913_LID" rcardinality="Single"><render_choice shuffle="no"><flow_label class="Block"><response_label ident="QUES_1383614_1532913_A5075025"><flow_mat><material><mattext texttype="text/html">&lt;p&gt;Great Sand Dunes National Monument&lt;/p&gt;</mattext></material></flow_mat></response_label></flow_label><flow_label class="Block"><response_label ident="QUES_1383614_1532913_A5075026"><flow_mat><material><mattext texttype="text/html">&lt;p&gt;Yellowstone National Park&lt;/p&gt;</mattext></material></flow_mat></response_label></flow_label><flow_label class="Block"><response_label ident="QUES_1383614_1532913_A5075027"><flow_mat><material><mattext texttype="text/html">&lt;p&gt;Glacier National Park&lt;/p&gt;</mattext></material></flow_mat></response_label></flow_label><flow_label class="Block"><response_label ident="QUES_1383614_1532913_A5075028"><flow_mat><material><mattext texttype="text/html">&lt;p&gt;Yosemite National Park&lt;/p&gt;</mattext></material></flow_mat></response_label></flow_label></render_choice></response_lid></flow></presentation><resprocessing><respcondition title="Response Condition 1"><conditionvar><varequal respident="QUES_1383614_1532913_LID">QUES_1383614_1532913_A5075025</varequal></conditionvar><setvar action="Set">0.000000000</setvar><displayfeedback feedbacktype="Response" linkrefid="QUES_1383614_1532913_IF5075025" /></respcondition><respcondition title="Response Condition 2"><conditionvar><varequal respident="QUES_1383614_1532913_LID">QUES_1383614_1532913_A5075026</varequal></conditionvar><setvar action="Set">100.000000000</setvar><displayfeedback feedbacktype="Response" linkrefid="QUES_1383614_1532913_IF5075026" /></respcondition><respcondition title="Response Condition 3"><conditionvar><varequal respident="QUES_1383614_1532913_LID">QUES_1383614_1532913_A5075027</varequal></conditionvar><setvar action="Set">0.000000000</setvar><displayfeedback feedbacktype="Response" linkrefid="QUES_1383614_1532913_IF5075027" /></respcondition><respcondition title="Response Condition 4"><conditionvar><varequal respident="QUES_1383614_1532913_LID">QUES_1383614_1532913_A5075028</varequal></conditionvar><setvar action="Set">0.000000000</setvar><displayfeedback feedbacktype="Response" linkrefid="QUES_1383614_1532913_IF5075028" /></respcondition></resprocessing><itemfeedback ident="QUES_1383614_1532913_IF5075025"><material><mattext texttype="text/plain" /></material></itemfeedback><itemfeedback ident="QUES_1383614_1532913_IF5075026"><material><mattext texttype="text/plain" /></material></itemfeedback><itemfeedback ident="QUES_1383614_1532913_IF5075027"><material><mattext texttype="text/plain" /></material></itemfeedback><itemfeedback ident="QUES_1383614_1532913_IF5075028"><material><mattext texttype="text/plain" /></material></itemfeedback></item><item ident="OBJ_7115572" label="QUES_1383615_1532914" d2l_2p0:page="1"><itemmetadata><qtimetadata><qti_metadatafield><fieldlabel>qmd_computerscored</fieldlabel><fieldentry>yes</fieldentry></qti_metadatafield><qti_metadatafield><fieldlabel>qmd_questiontype</fieldlabel><fieldentry>True/False</fieldentry></qti_metadatafield><qti_metadatafield><fieldlabel>qmd_weighting</fieldlabel><fieldentry>1.000000000</fieldentry></qti_metadatafield><qti_metadatafield><fieldlabel>qmd_globalid</fieldlabel><fieldentry>fd281d13-de56-4fec-b97f-ddede4f71047</fieldentry></qti_metadatafield><qti_metadatafield><fieldlabel>qmd_displayid</fieldlabel><fieldentry>D2LSIM-CO-12</fieldentry></qti_metadatafield></qtimetadata></itemmetadata><itemproc_extension><d2l_2p0:difficulty>1</d2l_2p0:difficulty><d2l_2p0:isbonus>no</d2l_2p0:isbonus><d2l_2p0:ismandatory>no</d2l_2p0:ismandatory></itemproc_extension><presentation><flow><material><mattext texttype="text/html">&lt;p style="text-align: left;"&gt;President Clark Gilbert is currently the president of BYU-Idaho.&lt;/p&gt;</mattext></material><response_extension><d2l_2p0:display_style>2</d2l_2p0:display_style><d2l_2p0:enumeration>6</d2l_2p0:enumeration><d2l_2p0:grading_type>0</d2l_2p0:grading_type></response_extension><response_lid ident="QUES_1383615_1532914_LID" rcardinality="Single"><render_choice shuffle="no"><flow_label class="Block"><response_label ident="QUES_1383615_1532914_A5075029"><flow_mat><material><mattext texttype="text/plain">True</mattext></material></flow_mat></response_label></flow_label><flow_label class="Block"><response_label ident="QUES_1383615_1532914_A5075030"><flow_mat><material><mattext texttype="text/plain">False</mattext></material></flow_mat></response_label></flow_label></render_choice></response_lid></flow></presentation><resprocessing><respcondition title="Response Condition 1"><conditionvar><varequal respident="QUES_1383615_1532914_LID">QUES_1383615_1532914_A5075029</varequal></conditionvar><setvar action="Set">100.000000000</setvar><displayfeedback feedbacktype="Response" linkrefid="QUES_1383615_1532914_IF5075029" /></respcondition><respcondition title="Response Condition 2"><conditionvar><varequal respident="QUES_1383615_1532914_LID">QUES_1383615_1532914_A5075030</varequal></conditionvar><setvar action="Set">0.000000000</setvar><displayfeedback feedbacktype="Response" linkrefid="QUES_1383615_1532914_IF5075030" /></respcondition></resprocessing><itemfeedback ident="QUES_1383615_1532914_IF5075029"><material><mattext texttype="text/plain" /></material></itemfeedback><itemfeedback ident="QUES_1383615_1532914_IF5075030"><material><mattext texttype="text/plain" /></material></itemfeedback></item><item ident="OBJ_7115812" label="QUES_1383616_1532915" d2l_2p0:page="1"><itemmetadata><qtimetadata><qti_metadatafield><fieldlabel>qmd_computerscored</fieldlabel><fieldentry>yes</fieldentry></qti_metadatafield><qti_metadatafield><fieldlabel>qmd_questiontype</fieldlabel><fieldentry>Matching</fieldentry></qti_metadatafield><qti_metadatafield><fieldlabel>qmd_weighting</fieldlabel><fieldentry>1.000000000</fieldentry></qti_metadatafield><qti_metadatafield><fieldlabel>qmd_globalid</fieldlabel><fieldentry>33338d9f-43e0-4921-bacc-9896a2ec0015</fieldentry></qti_metadatafield><qti_metadatafield><fieldlabel>qmd_displayid</fieldlabel><fieldentry>SEANINSTR2013-1</fieldentry></qti_metadatafield></qtimetadata></itemmetadata><itemproc_extension><d2l_2p0:difficulty>1</d2l_2p0:difficulty><d2l_2p0:isbonus>no</d2l_2p0:isbonus><d2l_2p0:ismandatory>no</d2l_2p0:ismandatory></itemproc_extension><presentation><flow><material><mattext texttype="text/html">&lt;p&gt;Match the past&amp;nbsp;presidents of BYU-Idaho/Ricks College with their years of office.&lt;/p&gt;</mattext></material><response_extension><d2l_2p0:grading_type>1</d2l_2p0:grading_type></response_extension><response_grp respident="QUES_1383616_1532915_C5075035" rcardinality="Single"><material><mattext texttype="text/html">&lt;p&gt;President Kim B. Clark&lt;/p&gt;</mattext></material><render_choice shuffle="yes"><flow_label class="Block"><response_label ident="QUES_1383616_1532915_M5075031"><flow_mat><material><mattext texttype="text/html">&lt;p&gt;2005 - 2015&lt;/p&gt;</mattext></material></flow_mat></response_label><response_label ident="QUES_1383616_1532915_M5075032"><flow_mat><material><mattext texttype="text/html">&lt;p&gt;1971 - 1977&lt;/p&gt;</mattext></material></flow_mat></response_label><response_label ident="QUES_1383616_1532915_M5075033"><flow_mat><material><mattext texttype="text/html">&lt;p&gt;1930 - 1944&lt;/p&gt;</mattext></material></flow_mat></response_label><response_label ident="QUES_1383616_1532915_M5075034"><flow_mat><material><mattext texttype="text/html">&lt;p&gt;1997 - 2004&lt;/p&gt;</mattext></material></flow_mat></response_label></flow_label></render_choice></response_grp><response_grp respident="QUES_1383616_1532915_C5075036" rcardinality="Single"><material><mattext texttype="text/html">&lt;p&gt;President Henry B. Eyring&lt;/p&gt;</mattext></material><render_choice shuffle="yes"><flow_label class="Block"><response_label ident="QUES_1383616_1532915_M5075031"><flow_mat><material><mattext texttype="text/html">&lt;p&gt;2005 - 2015&lt;/p&gt;</mattext></material></flow_mat></response_label><response_label ident="QUES_1383616_1532915_M5075032"><flow_mat><material><mattext texttype="text/html">&lt;p&gt;1971 - 1977&lt;/p&gt;</mattext></material></flow_mat></response_label><response_label ident="QUES_1383616_1532915_M5075033"><flow_mat><material><mattext texttype="text/html">&lt;p&gt;1930 - 1944&lt;/p&gt;</mattext></material></flow_mat></response_label><response_label ident="QUES_1383616_1532915_M5075034"><flow_mat><material><mattext texttype="text/html">&lt;p&gt;1997 - 2004&lt;/p&gt;</mattext></material></flow_mat></response_label></flow_label></render_choice></response_grp><response_grp respident="QUES_1383616_1532915_C5075037" rcardinality="Single"><material><mattext texttype="text/html">&lt;p&gt;President Hyrum Manwaring&lt;/p&gt;</mattext></material><render_choice shuffle="yes"><flow_label class="Block"><response_label ident="QUES_1383616_1532915_M5075031"><flow_mat><material><mattext texttype="text/html">&lt;p&gt;2005 - 2015&lt;/p&gt;</mattext></material></flow_mat></response_label><response_label ident="QUES_1383616_1532915_M5075032"><flow_mat><material><mattext texttype="text/html">&lt;p&gt;1971 - 1977&lt;/p&gt;</mattext></material></flow_mat></response_label><response_label ident="QUES_1383616_1532915_M5075033"><flow_mat><material><mattext texttype="text/html">&lt;p&gt;1930 - 1944&lt;/p&gt;</mattext></material></flow_mat></response_label><response_label ident="QUES_1383616_1532915_M5075034"><flow_mat><material><mattext texttype="text/html">&lt;p&gt;1997 - 2004&lt;/p&gt;</mattext></material></flow_mat></response_label></flow_label></render_choice></response_grp><response_grp respident="QUES_1383616_1532915_C5075038" rcardinality="Single"><material><mattext texttype="text/html">&lt;p&gt;Elder David A. Bednar&lt;/p&gt;</mattext></material><render_choice shuffle="yes"><flow_label class="Block"><response_label ident="QUES_1383616_1532915_M5075031"><flow_mat><material><mattext texttype="text/html">&lt;p&gt;2005 - 2015&lt;/p&gt;</mattext></material></flow_mat></response_label><response_label ident="QUES_1383616_1532915_M5075032"><flow_mat><material><mattext texttype="text/html">&lt;p&gt;1971 - 1977&lt;/p&gt;</mattext></material></flow_mat></response_label><response_label ident="QUES_1383616_1532915_M5075033"><flow_mat><material><mattext texttype="text/html">&lt;p&gt;1930 - 1944&lt;/p&gt;</mattext></material></flow_mat></response_label><response_label ident="QUES_1383616_1532915_M5075034"><flow_mat><material><mattext texttype="text/html">&lt;p&gt;1997 - 2004&lt;/p&gt;</mattext></material></flow_mat></response_label></flow_label></render_choice></response_grp></flow></presentation><resprocessing><outcomes><decvar vartype="Integer" defaultval="0" varname="D2L_Correct" minvalue="0" maxvalue="100" /><decvar vartype="Integer" defaultval="0" varname="D2L_Incorrect" minvalue="0" maxvalue="100" /><decvar vartype="Decimal" defaultval="0" varname="que_score" minvalue="0" maxvalue="100" /></outcomes><respcondition><conditionvar><varequal respident="QUES_1383616_1532915_C5075035">QUES_1383616_1532915_M5075031</varequal></conditionvar><setvar varname="D2L_Correct" action="Add">1</setvar></respcondition><respcondition><conditionvar><varequal respident="QUES_1383616_1532915_C5075035">QUES_1383616_1532915_M5075032</varequal></conditionvar><setvar varname="D2L_Incorrect" action="Add">1</setvar></respcondition><respcondition><conditionvar><varequal respident="QUES_1383616_1532915_C5075035">QUES_1383616_1532915_M5075033</varequal></conditionvar><setvar varname="D2L_Incorrect" action="Add">1</setvar></respcondition><respcondition><conditionvar><varequal respident="QUES_1383616_1532915_C5075035">QUES_1383616_1532915_M5075034</varequal></conditionvar><setvar varname="D2L_Incorrect" action="Add">1</setvar></respcondition><respcondition><conditionvar><varequal respident="QUES_1383616_1532915_C5075036">QUES_1383616_1532915_M5075031</varequal></conditionvar><setvar varname="D2L_Incorrect" action="Add">1</setvar></respcondition><respcondition><conditionvar><varequal respident="QUES_1383616_1532915_C5075036">QUES_1383616_1532915_M5075032</varequal></conditionvar><setvar varname="D2L_Correct" action="Add">1</setvar></respcondition><respcondition><conditionvar><varequal respident="QUES_1383616_1532915_C5075036">QUES_1383616_1532915_M5075033</varequal></conditionvar><setvar varname="D2L_Incorrect" action="Add">1</setvar></respcondition><respcondition><conditionvar><varequal respident="QUES_1383616_1532915_C5075036">QUES_1383616_1532915_M5075034</varequal></conditionvar><setvar varname="D2L_Incorrect" action="Add">1</setvar></respcondition><respcondition><conditionvar><varequal respident="QUES_1383616_1532915_C5075037">QUES_1383616_1532915_M5075031</varequal></conditionvar><setvar varname="D2L_Incorrect" action="Add">1</setvar></respcondition><respcondition><conditionvar><varequal respident="QUES_1383616_1532915_C5075037">QUES_1383616_1532915_M5075032</varequal></conditionvar><setvar varname="D2L_Incorrect" action="Add">1</setvar></respcondition><respcondition><conditionvar><varequal respident="QUES_1383616_1532915_C5075037">QUES_1383616_1532915_M5075033</varequal></conditionvar><setvar varname="D2L_Correct" action="Add">1</setvar></respcondition><respcondition><conditionvar><varequal respident="QUES_1383616_1532915_C5075037">QUES_1383616_1532915_M5075034</varequal></conditionvar><setvar varname="D2L_Incorrect" action="Add">1</setvar></respcondition><respcondition><conditionvar><varequal respident="QUES_1383616_1532915_C5075038">QUES_1383616_1532915_M5075031</varequal></conditionvar><setvar varname="D2L_Incorrect" action="Add">1</setvar></respcondition><respcondition><conditionvar><varequal respident="QUES_1383616_1532915_C5075038">QUES_1383616_1532915_M5075032</varequal></conditionvar><setvar varname="D2L_Incorrect" action="Add">1</setvar></respcondition><respcondition><conditionvar><varequal respident="QUES_1383616_1532915_C5075038">QUES_1383616_1532915_M5075033</varequal></conditionvar><setvar varname="D2L_Incorrect" action="Add">1</setvar></respcondition><respcondition><conditionvar><varequal respident="QUES_1383616_1532915_C5075038">QUES_1383616_1532915_M5075034</varequal></conditionvar><setvar varname="D2L_Correct" action="Add">1</setvar></respcondition><respcondition><conditionvar><vargte respident="D2L_Incorrect">0</vargte></conditionvar><setvar varname="que_score" action="Set">0</setvar></respcondition><respcondition><conditionvar><varequal respident="D2L_Incorrect">0</varequal></conditionvar><setvar varname="que_score" action="Set">1</setvar></respcondition></resprocessing></item><item ident="OBJ_7115818" label="QUES_1383617_1532916" d2l_2p0:page="1"><itemmetadata><qtimetadata><qti_metadatafield><fieldlabel>qmd_computerscored</fieldlabel><fieldentry>yes</fieldentry></qti_metadatafield><qti_metadatafield><fieldlabel>qmd_questiontype</fieldlabel><fieldentry>True/False</fieldentry></qti_metadatafield><qti_metadatafield><fieldlabel>qmd_weighting</fieldlabel><fieldentry>1.000000000</fieldentry></qti_metadatafield><qti_metadatafield><fieldlabel>qmd_globalid</fieldlabel><fieldentry>ff449906-2d21-4f87-b27c-51fa4a0a452c</fieldentry></qti_metadatafield><qti_metadatafield><fieldlabel>qmd_displayid</fieldlabel><fieldentry>D2LSIM-CO-15</fieldentry></qti_metadatafield></qtimetadata></itemmetadata><itemproc_extension><d2l_2p0:difficulty>1</d2l_2p0:difficulty><d2l_2p0:isbonus>no</d2l_2p0:isbonus><d2l_2p0:ismandatory>no</d2l_2p0:ismandatory></itemproc_extension><presentation><flow><material><mattext texttype="text/html">&lt;p&gt;The BYU-Idaho Learning Model consists of Prepare, Teach One Another, and Ponder and Prove.&lt;/p&gt;</mattext></material><response_extension><d2l_2p0:display_style>2</d2l_2p0:display_style><d2l_2p0:enumeration>6</d2l_2p0:enumeration><d2l_2p0:grading_type>0</d2l_2p0:grading_type></response_extension><response_lid ident="QUES_1383617_1532916_LID" rcardinality="Single"><render_choice shuffle="no"><flow_label class="Block"><response_label ident="QUES_1383617_1532916_A5075039"><flow_mat><material><mattext texttype="text/plain">True</mattext></material></flow_mat></response_label></flow_label><flow_label class="Block"><response_label ident="QUES_1383617_1532916_A5075040"><flow_mat><material><mattext texttype="text/plain">False</mattext></material></flow_mat></response_label></flow_label></render_choice></response_lid></flow></presentation><resprocessing><respcondition title="Response Condition 1"><conditionvar><varequal respident="QUES_1383617_1532916_LID">QUES_1383617_1532916_A5075039</varequal></conditionvar><setvar action="Set">100.000000000</setvar><displayfeedback feedbacktype="Response" linkrefid="QUES_1383617_1532916_IF5075039" /></respcondition><respcondition title="Response Condition 2"><conditionvar><varequal respident="QUES_1383617_1532916_LID">QUES_1383617_1532916_A5075040</varequal></conditionvar><setvar action="Set">0.000000000</setvar><displayfeedback feedbacktype="Response" linkrefid="QUES_1383617_1532916_IF5075040" /></respcondition></resprocessing><itemfeedback ident="QUES_1383617_1532916_IF5075039"><material><mattext texttype="text/plain" /></material></itemfeedback><itemfeedback ident="QUES_1383617_1532916_IF5075040"><material><mattext texttype="text/plain" /></material></itemfeedback></item></section></assessment></questestinterop>